mode,cf,time_start,1627932583.8915024,matrix_w_pre,[[-0.013459683539174037|-0.0003783520047691635|0.02238187352618837|-0.013967475631162296]|[-0.017855368383244315|0.0031342826193980645|0.021384141131588208|-0.015467702783415268]|[0.005897018518650718|-0.004286875748478159|-0.008665199084322782|0.009436773719494106]|[0.0024319937023516143|-0.001760368788089002|0.00021442209371550576|-0.002482527524141953]],process_time,0.8832004070281982,matrix_w,[[0.008476257500201798|0.00032694428740670154|-0.014463983463250934|0.0090044797748719]|[-0.013467695008966211|0.002592589659700338|0.01661291670545386|-0.012290345156364535]|[-0.0016441949965224803|0.0026707848893038487|0.0029134128680373813|-0.004421753238432243]|[-0.0017058497353130636|0.0012240579937116709|-0.00015159818221010315|0.001775624723834414]],
mode,cf,time_start,1627932599.613656,matrix_w_pre,[[0.00577697513238661|-0.005652758252573319|-0.0049947403295536544|0.003818519554269203]|[0.007103834527996071|-0.003800897218508385|-0.004765373738342676|0.0017461840619514704]|[-0.004746685296214547|0.002403076996206884|0.005333623333636069|-0.001278192279920625]|[0.001735672228663302|-0.001441954529326021|-0.0027133443030618234|0.002673137741374599]],process_time,0,matrix_w,[[0.00577697513238661|-0.005652758252573319|-0.0049947403295536544|0.003818519554269203]|[0.007103834527996071|-0.003800897218508385|-0.004765373738342676|0.0017461840619514704]|[-0.004746685296214547|0.002403076996206884|0.005333623333636069|-0.001278192279920625]|[0.001735672228663302|-0.001441954529326021|-0.0027133443030618234|0.002673137741374599]],
mode,cf,time_start,1627932606.5829995,matrix_w_pre,[[-0.011502791998224706|0.01800339136707829|0.005155349796247732|-0.017184239931556117]|[0.01765528396567353|-0.017669188558153155|-0.01188459856959062|0.019932575245383565]|[0.0069090760401646955|-0.006058716709758141|-0.0018888305598810486|0.0017023935954563086]|[0.0033638275863353243|-0.0073416068996483945|0.00522609366288102|0.0033581794360312825]],process_time,0.7015058994293213,matrix_w,[[-0.006861062776052789|0.011404680866298617|0.0034766335762485283|-0.011586283409817138]|[-0.01212315597603683|0.012183080334586772|0.008255276737855588|-0.013994110173387772]|[-0.005775294777469241|0.006150273219270589|0.001965855798499789|-0.0037765528991452035]|[-0.0022547700023799193|0.0052753579414587266|-0.0036554027439684982|-0.0026359781102754123]],
mode,cf,time_start,1627932617.6697845,matrix_w_pre,[[0.003250358273029588|0.0024403384870804595|-0.002730686405403221|5.5913941588153474e-05]|[0.00021339247343969396|-0.0035785987734554604|0.00488839329505564|-0.00045698330717575857]|[0.00192764568762995|-0.004932551641194647|-0.0017838036967344644|0.003487990051919785]|[-0.0014751472623932191|-0.00338249419162834|0.0017744489699384935|0.004298923934565839]],process_time,0.725318193435669,matrix_w,[[0.0024214270147448493|0.0003555318286363342|-0.0014884629050134742|0.0005206797700515448]|[-0.00039196860925958346|-0.0015306605514472545|0.003693293735983126|-0.0009430588824538478]|[-0.0005543103762564402|0.0043201505265490076|-0.00029096701751168144|-0.0021593548249141162]|[0.0010531050470068413|0.002155789212551626|-0.0010695309508352941|-0.003014116909817163]],
mode,cf,time_start,1627932630.9963727,matrix_w_pre,[[0.005410962848812993|-0.001714402919224944|-0.005274037715851448|0.0010364942469734523]|[-0.0015448223887431123|-0.0038302571937203194|0.0015644153478948366|0.000810663921072371]|[-0.003789992789133956|0.0011367487738090912|0.002450343172095728|0.002892840072463322]|[-0.000530795683533829|0.0022794380497596625|-0.0038079301966708933|0.000870284597076781]],process_time,0.6901228427886963,matrix_w,[[0.0036008439964764867|-0.0012848620561488355|-0.002722104666611688|0.0004951641175773402]|[0.0007839245118765607|0.0028195829386201414|-0.0011227909007743907|-0.0005156122084879442]|[0.002804282840852527|-0.0008066012610675066|-0.001836528130938536|-0.002025278728020535]|[-0.00068620639881397|-0.0009707369974843561|0.003641950254634877|-0.0008789887164163665]],
mode,cf,time_start,1627932646.994917,matrix_w_pre,[[0.003331167916363349|-0.0018441842559404076|0.002900177571210541|-0.0036504977563947636]|[0.0010438224906503147|-0.0016942588689717662|0.0025682092339228053|-0.0029691739151882423]|[0.0008421867670813033|-0.002365326879364194|0.0005912840307275985|-0.0008016682165961063]|[0.0005572565385435727|0.0015014934376664608|-0.001874839131968416|-0.00020292882781735035]],process_time,0,matrix_w,[[0.003331167916363349|-0.0018441842559404076|0.002900177571210541|-0.0036504977563947636]|[0.0010438224906503147|-0.0016942588689717662|0.0025682092339228053|-0.0029691739151882423]|[0.0008421867670813033|-0.002365326879364194|0.0005912840307275985|-0.0008016682165961063]|[0.0005572565385435727|0.0015014934376664608|-0.001874839131968416|-0.00020292882781735035]],
mode,cf,time_start,1627932657.2094638,matrix_w_pre,[[-0.0006010059628775233|0.0050542185906413285|-0.000591354196292871|-0.001951346251437292]|[-0.001426470045468765|0.003586186416850727|-0.008074266185298775|0.0026632765777176363]|[-0.003251244745513202|0.0005734080081346501|-0.005771372157203491|0.006182018378116715]|[0.004370782508478153|-0.0002985788786625699|-0.0013233334819255566|0.00044299623581323745]],process_time,1.1694204807281494,matrix_w,[[0.0005119221695915391|-0.0026842596760895685|0.00042030921758923017|0.0009612390388660592]|[0.0004828395382941299|-0.0017509054336690847|0.004321288515424593|-0.0014822374495039171]|[0.0017298084175830348|-0.00039199526416972723|0.003095091941692049|-0.0032544628524205756]|[0.0021680029353034064|-0.00014367282311911404|-0.0002458031039885452|7.785910640994992e-06]],
mode,cf,time_start,1627932665.3094895,matrix_w_pre,[[0.0037889186494805905|-0.017000385155704918|0.041937002554555146|-0.02998457513902018]|[-0.00027264079076533434|0.012153750535654052|-0.02725987357698965|0.015896589255388227]|[0.0008526816450480291|0.012153451708419744|-0.03915042108621659|0.027596613084049138]|[0.0022687210768924243|0.008635154877209568|-0.01967265539459576|0.013426444592582106]],process_time,0.8808095455169678,matrix_w,[[0.0012964903563776919|-0.012876229195091423|0.030793993060327023|-0.02178761432068363]|[-0.0001663465974178404|0.008692651251025047|-0.019646780598139468|0.011519817934478921]|[-0.0007685465990367781|0.009053258136761569|-0.028559880593626512|0.020325040594290265]|[0.0027769309766279707|0.002125216412020995|-0.007359045226571651|0.004908682325198474]],
mode,cf,time_start,1627932676.473447,matrix_w_pre,[[0.004353054199366825|-0.0005809557963824084|0.00010844447860184122|-0.0005548624438108786]|[4.417279637120676e-05|-0.0024388622685493516|-0.0013983846967013194|0.001639788566995141]|[-0.0015420801753275788|0.004714630956522591|-0.006398358836251954|0.0044020003657976765]|[0.0016589529858737362|-6.199101434154759e-05|0.00047275512805484954|-0.004100834131423949]],process_time,1.9157087802886963,matrix_w,[[0.0030368066912840703|-0.0002542909914085942|-4.3710784119524424e-05|-0.00037427258405139393]|[-0.0005518848503462076|0.00030923231487665345|-0.0032318232342740073|0.0026295106662103497]|[-0.0009902640044034863|0.0036827727755887113|-0.003248896545247287|0.0019467451363944115]|[0.0010683509324914112|-7.622682221549159e-05|0.0003445142971693348|-0.0027948496473302977]],
mode,cf,time_start,1627932693.0150068,matrix_w_pre,[[0.002124759202335985|-0.0010221210963621795|-0.0014610016367245264|0.0004212602086105312]|[0.001305696483179498|0.0017270592945596087|-0.0006704322749259234|-0.001633709868149884]|[0.0007318175081777225|0.002722236698091258|-0.005010016316535887|0.0006933267617945444]|[0.0008893609038744612|-0.002132958139881257|0.002792573457470552|-0.0022828453010601863]],process_time,0,matrix_w,[[0.002124759202335985|-0.0010221210963621795|-0.0014610016367245264|0.0004212602086105312]|[0.001305696483179498|0.0017270592945596087|-0.0006704322749259234|-0.001633709868149884]|[0.0007318175081777225|0.002722236698091258|-0.005010016316535887|0.0006933267617945444]|[0.0008893609038744612|-0.002132958139881257|0.002792573457470552|-0.0022828453010601863]],
mode,cf,time_start,1627932704.1328273,matrix_w_pre,[[-0.003567065804715893|-0.002741644360241528|0.011306657282836127|-0.008427187038807356]|[0.0004331874711231725|-0.0010774322085990611|0.005172142481325392|-0.005799952546526539]|[-0.001189656451186228|-0.0028599765060659736|0.00960013204030272|-0.006709542691791027]|[0.0023173270805771674|0.0007580758080072478|-0.012605323584130385|0.011518233749338583]],process_time,0,matrix_w,[[-0.003567065804715893|-0.002741644360241528|0.011306657282836127|-0.008427187038807356]|[0.0004331874711231725|-0.0010774322085990611|0.005172142481325392|-0.005799952546526539]|[-0.001189656451186228|-0.0028599765060659736|0.00960013204030272|-0.006709542691791027]|[0.0023173270805771674|0.0007580758080072478|-0.012605323584130385|0.011518233749338583]],
mode,cf,time_start,1627932710.9788322,matrix_w_pre,[[0.004383522300058363|-0.005812650347214577|-0.0076491660411725625|0.0038356156511859855]|[0.008247606689834012|-0.01797015304582073|-0.009968221192785178|0.012799332998890158]|[0.0046315209005707405|0.0005241062577980336|0.0021234143155168367|-0.0048850309927928265]|[0.0063592657495833566|-0.012491912581436514|-0.01112368710855831|0.012574586181312632]],process_time,0.5077838897705078,matrix_w,[[0.0024996252849097326|-0.002722275232686096|-0.00455122238385496|0.0016561622891272064]|[0.005925606279634723|-0.01238018919441212|-0.007034932402806085|0.008671914995484292]|[0.002659011617104784|0.0014106539950305985|0.002142622383195019|-0.00407972215210261]|[0.004467620808843623|-0.008791067357723956|-0.007880841366388867|0.00888789651263057]],
mode,cf,time_start,1627932725.8926976,matrix_w_pre,[[0.0005191581823795262|0.0017101866648101891|-0.0012158200033023587|-0.0028091757927070143]|[0.002243893892668592|-0.0006992651692918854|0.0029366655278276377|-0.0030651571920212116]|[-0.0036296732552439136|0.004533359457915883|4.251909186459509e-05|-0.0006378986987603877]|[-0.002515204344487984|-0.0008635639698325571|0.0025879558704097632|-0.001406123288936053]],process_time,1.0907056331634521,matrix_w,[[-0.0003163139532964738|-0.0009702557532646029|0.0007238990944729931|0.0015316226544100538]|[-0.001092445461096612|0.0001972515434690717|-0.0013699325460428725|0.001499621680616767]|[0.0018636917035935053|-0.002409748940183337|0.00013422983616813932|0.00026052130953008114]|[-0.0012097267268431594|-0.0004214593210090477|0.001370176603369633|-0.0008004329975737935]],
mode,cf,time_start,1627932733.8870342,matrix_w_pre,[[0.0007987417029478105|0.0032901448785038214|-0.00043120711614645185|-0.004699769263739186]|[-0.00024021496108736788|-0.00751919851160205|0.007460720850084393|0.0006834743899258295]|[-0.004598016830334538|-0.005922795267002648|0.005291349850019496|0.0006996147773640413]|[-0.0013054940627456647|0.007068365786568668|-0.002618792128014051|-0.0009490797958929359]],process_time,0.687645435333252,matrix_w,[[0.0002878782622646605|-0.0017524525742440287|-0.00017138035896781774|0.002671319681898491]|[0.0004903370722976165|0.005560840949383709|-0.005563840157943556|-0.0005423749669666762]|[-0.003083803621201188|-0.003353076430687081|0.002748430529369122|0.0011102958024374518]|[0.0005212001865091288|-0.005230547326943719|0.0023564259586394093|0.0003573626630323337]],
mode,cf,time_start,1627932748.4840102,matrix_w_pre,[[-0.0020695960232424656|-0.00298750732125166|9.367605862094211e-05|0.004698771636623896]|[0.006322475186875106|-0.022491425044879262|0.019135479606012556|0.00323946269273154]|[-0.015251637986107364|0.04524978824386644|-0.029966012786647917|-0.007371561992806262]|[-0.01512524458234649|0.031512900862452155|-0.020962103958198565|-0.004185188174619733]],process_time,0.7965378761291504,matrix_w,[[-0.0007430171199182485|-0.002746530319248278|0.0009073090917456573|0.002731017505209996]|[0.003371399259040904|-0.01148051992951166|0.009759303006519306|0.0015836656659945205]|[-0.00781474291186625|0.023781714948359154|-0.01584338596395207|-0.0039049330436996587]|[-0.008162355227605186|0.017214618553424547|-0.011379807736684034|-0.0022986938916298057]],
mode,cf,time_start,1627932756.071347,matrix_w_pre,[[0.0008659542466817565|0.0037597232846674667|-0.002286004759555866|-0.0002271514308922838]|[-0.001444628764061809|0.0029533817610645527|0.0035584311502355227|-0.002550634939984314]|[-0.004201557158119132|0.0032674923853755395|-0.0003777569825071256|0.00016381953829192907]|[-0.0023087756249839278|-0.0020399519526247117|-0.0003000542186531776|0.0050182899808259625]],process_time,0.7047111988067627,matrix_w,[[-0.0007412690429133399|-0.0027981777977425146|0.001249682873628636|0.0005237030889738263]|[0.0016635120948965787|-0.002167327155397132|-0.0026338495922485893|0.001677043620274541]|[-0.002665837429903472|0.0020870085052127904|-0.0008486994396528267|0.00044667573252542904]|[0.0014039228263301258|0.0013927229997191873|0.00022100549556142618|-0.003215933903522337]],
mode,cf,time_start,1627932767.1864822,matrix_w_pre,[[0.0056291257473060595|-0.0021054340454683016|-0.005327987477876157|0.0007095702989381483]|[0.0028718556633418953|0.0013761066798558346|-0.004705899811591038|0.0016568425607117014]|[0.00037417689049242756|0.005420468907985021|-0.0033530827706477226|-0.004423541351026111]|[-0.00389838996921942|-0.004197467748719006|0.0015321734530882813|0.005762313557522548]],process_time,0.39924097061157227,matrix_w,[[0.003918617482981932|-0.0017277429108659415|-0.0037025124113415787|0.0007477951684425806]|[0.002146709462658896|0.0010067568009561494|-0.0035138024707687403|0.001268482747128472]|[0.0006363824670006883|0.004019262244419408|-0.002633696240303789|-0.00343324767726334]|[-0.002865785900219956|-0.0025789425268532193|0.0010274617485424452|0.003782323776062963]],
mode,cf,time_start,1627932778.3906667,matrix_w_pre,[[0.0013842039004282659|0.006328107656429536|-0.006955914076162392|0.004269745595554455]|[-0.0010676324376485667|0.0036107840934254676|-0.007194157699554229|0.007504737959770227]|[0.004964885416908858|-0.003814234928058104|0.00034962672616978746|8.263678925124613e-05]|[-0.0007786901957412271|-0.004650612672450651|0.00627040456370283|-0.00022844682359720282]],process_time,0.6892318725585938,matrix_w,[[-0.00043192980096651783|-0.005716622467901887|0.006120327526776184|-0.0032130319186182608]|[-0.0017158827198383215|-0.0009492894678397065|0.0045433678637088|-0.004127742731612841]|[0.0030521759586838206|-0.00308656092611808|0.002787883191821012|-0.0021676599642052154]|[0.0009253825829151379|0.0011146256927428643|-0.0019011319161234552|-0.0012799083922976177]],
mode,cf,time_start,1627932794.1807277,matrix_w_pre,[[-0.00021756218438334293|-0.0026873642365747297|-0.0001258120423262417|0.0015051437804859862]|[-0.0035220323706546906|0.0021696962257348046|-0.0005436013427265583|0.0035837051992908403]|[-0.00297681040758597|-0.0010495465589133394|0.005205467070842589|-0.001306996927983367]|[0.005909252853842954|-0.003827258356876661|0.00028187073491560047|-0.00020370692611910613]],process_time,2.2992382049560547,matrix_w,[[-0.0007825928840771502|-0.0015308609419757524|0.001635519390093748|0.0001491654855962779]|[-0.0019741389648630933|0.0012179956886309434|-0.00021896722840158774|0.0018660328597804806]|[-0.0011778040778029613|0.0005178234361811915|0.002079601304433745|-0.0010124120354118216]|[0.0028894359351806613|-0.0016849769313839213|3.957564524292341e-05|-0.00014508453380660718]],
mode,cf,time_start,1627932803.4014168,matrix_w_pre,[[-0.005475991630320619|0.0037207171810981566|0.0018888400864990164|-0.002373866232425665]|[-4.452262038352509e-05|-0.00035638103791318476|-0.0031140133489890058|0.006559368890217705]|[0.0019934043002899173|-0.005586936260725022|-0.0010121155790477625|0.0042893432877882]|[-0.0008001875123931293|0.0014917682277196338|-0.007476807622585159|0.005187568446642991]],process_time,0.5890192985534668,matrix_w,[[-0.003921498719880373|0.0029628389368117937|0.001524476269821268|-0.0025304024658407143]|[0.0008135513128877669|-0.0005772488233182209|0.002701161439919872|-0.004339143714794471]|[-0.0011475272752948377|0.003909637120988425|0.00045568439322925367|-0.0029766018565803997]|[0.00020537645449152922|-0.0006902186159484654|0.004906146423511609|-0.0030195531970959085]],
mode,cf,time_start,1627932819.3914557,matrix_w_pre,[[0.001008973026068442|-0.0004654362839811754|-0.002758699489594627|0.001717037497807564]|[0.0020508324444444637|-0.002165509893139497|0.007771348376980546|-0.009561064774967955]|[-0.00017900395800532194|-0.002281141589177046|0.002488235085583694|-0.001342456553932248]|[0.004006781727797022|-0.004458584874556997|0.010847672812334135|-0.011523902825831165]],process_time,0,matrix_w,[[0.001008973026068442|-0.0004654362839811754|-0.002758699489594627|0.001717037497807564]|[0.0020508324444444637|-0.002165509893139497|0.007771348376980546|-0.009561064774967955]|[-0.00017900395800532194|-0.002281141589177046|0.002488235085583694|-0.001342456553932248]|[0.004006781727797022|-0.004458584874556997|0.010847672812334135|-0.011523902825831165]],
mode,cf,time_start,1627932830.9629626,matrix_w_pre,[[0.0002468840680696655|-0.009031980122604482|0.007947055523210345|0.0014129990889280724]|[-0.0010346494999503018|1.3870909538312056e-05|-0.0011922735508545401|0.0016333367591772397]|[0.0010693197651372428|0.010336781831968865|-0.010399498267695333|-0.00044355121846673346]|[0.0011268260161432808|-0.005560786787621372|0.004064272744742071|-0.000669855368738181]],process_time,0,matrix_w,[[0.0002468840680696655|-0.009031980122604482|0.007947055523210345|0.0014129990889280724]|[-0.0010346494999503018|1.3870909538312056e-05|-0.0011922735508545401|0.0016333367591772397]|[0.0010693197651372428|0.010336781831968865|-0.010399498267695333|-0.00044355121846673346]|[0.0011268260161432808|-0.005560786787621372|0.004064272744742071|-0.000669855368738181]],
mode,cf,time_start,1627932841.3854625,matrix_w_pre,[[0.00048614634304822304|0.0012182731170021133|-0.005604582086505574|0.0005875753273596494]|[0.0005416765911621628|-3.2408500819789765e-05|-0.002823439372496303|0.00415200849261716]|[0.003857237324379443|-0.004104021147623566|-0.0025334315549808604|0.004072234731708825]|[-0.003687716134880623|-0.00150720278258797|0.0031248973327167953|0.0011961217594350186]],process_time,1.3164920806884766,matrix_w,[[-0.00011258361253371592|-0.0006509419018175222|0.002596062290581642|-0.00019223486765039194]|[-0.00024940962983432263|4.8008226995182015e-05|0.001403603451980968|-0.002084282794069813]|[-0.0016912787421773901|0.0020843253269035083|0.0011711277175836443|-0.0020790526970187544]|[-0.002183848444371397|-0.0005672183876062562|0.0018858125963622913|0.00033172324153229224]],
mode,cf,time_start,1627932853.0812483,matrix_w_pre,[[-0.0021124421461030116|-0.0011820034107272955|0.0009750328611242908|0.003219720803455357]|[0.001154553721236948|9.707792325882008e-05|0.003559998414587177|-0.001520529887794803]|[0.0030094906056944972|-0.0007200295612237369|-0.002801249816641698|0.0014234840097913824]|[-0.0006136993607622539|0.005163072937637455|-0.0009445479377148451|-0.0033849304278047816]],process_time,0.8207666873931885,matrix_w,[[-0.0014029557489495057|-0.0007226767826175152|0.000683793013897338|0.0020840640936374923]|[0.0007753148022151537|-6.83378367683855e-05|0.0016492129624229674|-0.0006643408426680353]|[0.0015565303424649615|-0.0003932405311104129|-0.0017069002056270836|0.0008467874496163174]|[-0.00026744186684171076|0.0027312064590901304|-0.0005307846844895353|-0.0018046180644948112]],
mode,cf,time_start,1627932860.780951,matrix_w_pre,[[7.05470606809874e-06|0.0057487767826391875|-0.0030956829947892104|-0.002701179510462592]|[-0.016290457722033667|0.009402925028888415|-0.03425959983982848|0.035528891188958404]|[0.025156462823992833|-0.01769520552088152|0.041617496840533834|-0.0392732415351479]|[0.007461469014352904|-0.004173708280922639|0.022257017475014858|-0.019694270405669123]],process_time,0.7048273086547852,matrix_w,[[0.00013439128865378946|-0.004153898472565784|0.0026176483611779627|0.0015540190357768687]|[0.01229386402771675|-0.007180692270367778|0.025885523564584855|-0.02670529631058764]|[0.01655340120373664|-0.01119202430987037|0.030587839718085548|-0.028514290324940173]|[0.0041486337141759715|-0.00373392090030361|0.0013309708581048612|-0.0018201609880313316]],
mode,cf,time_start,1627932876.312278,matrix_w_pre,[[-0.0067368249623579665|0.000378922716392394|-0.003942417180312872|0.006811051267605705]|[-0.0040863194035257|0.006935951571086773|-0.0018124700833878236|-0.0023845162525623115]|[-0.006470226446135483|-0.0011908823886545182|0.00020324510036488482|0.008122708055395776]|[0.00745858208490924|-0.0014296049015054746|-0.0007646530329997637|-0.0023046143474532307]],process_time,0.7623484134674072,matrix_w,[[-0.003260339651008956|0.00016470066926464912|-0.0020529272529738922|0.003421516766891384]|[-0.0018923266831391851|0.0031614925752389217|-0.0008369100855430044|-0.001062483218975774]|[-0.0030269067384335216|-0.000559749289164778|0.0001317700332583826|0.003818526316958725]|[0.003968214454880849|-0.0007183305555918289|-0.00027477310382032947|-0.0013486396733092237]],
mode,cf,time_start,1627932888.2719352,matrix_w_pre,[[-0.001384073878723827|-0.0010410005005531174|0.000680979844453009|0.0016981436277124329]|[0.0037508638096055117|-0.0006924685130269266|-0.0024102621501223337|-9.576113331719018e-05]|[0.0008150080597535322|-0.0009650697678646537|-0.002619289486379061|0.0010681112853200478]|[0.0010609068363484043|-0.0017225035650778062|0.0005778295768840005|-0.0006105354276042647]],process_time,0,matrix_w,[[-0.001384073878723827|-0.0010410005005531174|0.000680979844453009|0.0016981436277124329]|[0.0037508638096055117|-0.0006924685130269266|-0.0024102621501223337|-9.576113331719018e-05]|[0.0008150080597535322|-0.0009650697678646537|-0.002619289486379061|0.0010681112853200478]|[0.0010609068363484043|-0.0017225035650778062|0.0005778295768840005|-0.0006105354276042647]],
mode,cf,time_start,1627932898.5019295,matrix_w_pre,[[-0.0055916525774633305|-0.000867190199585845|0.0003351323721118674|0.004075243195147979]|[0.013834692030004021|-0.009667115502563823|0.012312616449140801|-0.010662842627053479]|[0.019127965476362505|-0.013075422653212196|0.011386189009406019|-0.013438420873558411]|[0.00481396131651886|-0.005565752448592057|0.004376760220423832|-0.00036458796547703934]],process_time,1.1718566417694092,matrix_w,[[-0.0017816639559621692|-0.00127408812999114|0.0009428264559625078|0.0013046127872885236]|[-0.00792330372303352|0.0054402778312448346|-0.006695866261998492|0.0060428127566276805]|[-0.009186230449141582|0.006080240484926514|-0.005102160247479454|0.0064077713552371]|[-0.0027238069953113616|0.0032276389630611093|-0.002541475318681467|0.00017982563460786145]],
mode,cf,time_start,1627932906.5680811,matrix_w_pre,[[-0.0026192062409116554|-0.0035658553939460994|0.0022981805039913946|0.003985121057238863]|[0.007759056078634522|0.027428024082501272|-0.03370570891082513|-0.008361193022441567]|[-0.0006927535085116778|0.005405419370898139|-0.0037839498465244087|-0.004646618746753855]|[0.001196022752390843|-0.014422011796526713|0.012318433645115763|0.0032416823614673206]],process_time,0.7069790363311768,matrix_w,[[0.0022183080344315618|0.0022584435161482523|-0.001822677700700193|-0.002794205380258597]|[-0.005352189068438072|-0.019398107884787356|0.02380589279665979|0.005797089982821357]|[0.00047323314599041956|-0.0047220131163017015|0.003506520138668557|0.003840249935755721]|[-0.000832966773220435|0.010516848948653523|-0.00872839691471667|-0.002574446268916826]],
mode,cf,time_start,1627932918.4821575,matrix_w_pre,[[0.004489723170726377|0.006891541786332433|0.0018449486144789579|-0.009626929756108769]|[0.006355938262038784|0.008762369248422759|-0.0027905064749104654|-0.013126758739140243]|[0.006011266337339329|-0.0006679017630742256|-0.0037905892384362916|-0.0013923933539466095]|[-0.0013667387132196788|-0.0101108948429197|0.0014904304541199925|0.008159894266501759]],process_time,0.49259376525878906,matrix_w,[[0.0026345890847396607|0.00437804587031934|0.0015561134117926959|-0.006197966927268209]|[0.004285291760989813|0.005988823565544164|-0.0018979410557315808|-0.008922309149521367]|[0.004424334172991397|0.0003050164499171675|-0.002515425852300634|-0.0018435558034557303]|[-0.0010412278293699259|-0.007495042393635156|0.0008785696198913465|0.006200442863484684]],
mode,cf,time_start,1627932929.678655,matrix_w_pre,[[-0.001042150782423353|0.0024936974258187986|0.00043325078629820416|-0.0035716381789302493]|[-0.0013780635257146245|0.0027798869930335955|-0.002104005487953027|0.0024160245362065303]|[0.0013783339180096445|-0.0023375929858320803|-0.004665807950895529|0.0035987353775462257]|[0.004559006719884131|0.0008046209916355787|-0.002781016055744226|-0.0018915693022994915]],process_time,0.7025701999664307,matrix_w,[[0.0007329303486063318|-0.0017085487069451938|-0.00036818922729407055|0.0024241503311544727]|[0.0011615744945206745|-0.0015741137720471118|0.0019142898129363218|-0.002369294520853287]|[-0.001059567998346025|0.002027640271736933|0.0029264859099853977|-0.0021694209054254864]|[0.0030315564066326463|0.0006850721224931612|-0.0022895958284206127|-0.0008942941725780423]],
mode,cf,time_start,1627932945.4069648,matrix_w_pre,[[0.003958058255289399|0.00839467748685761|-0.010668437334091972|0.0015384722924307826]|[0.0012073415208353302|0.008681468406863211|-0.008259457468230865|0.0014081779731145994]|[0.0018644617774158333|0.009556216769428192|-0.01197596212708535|0.002219300145724441]|[0.0014698950653399903|0.003384974574345751|-0.0027291086182691976|-0.001454831560558581]],process_time,0,matrix_w,[[0.003958058255289399|0.00839467748685761|-0.010668437334091972|0.0015384722924307826]|[0.0012073415208353302|0.008681468406863211|-0.008259457468230865|0.0014081779731145994]|[0.0018644617774158333|0.009556216769428192|-0.01197596212708535|0.002219300145724441]|[0.0014698950653399903|0.003384974574345751|-0.0027291086182691976|-0.001454831560558581]],
mode,cf,time_start,1627932952.178683,matrix_w_pre,[[-0.006964832811966224|0.004417038449340835|-0.0016973738073290216|0.007304076170728989]|[-0.01894785467972951|0.017166933740291532|0.001867492206946516|0.01384003962670007]|[0.014852668898158308|-0.01804797183250736|0.0031342171413568914|-0.009889213935998594]|[0.0018217036366149964|0.0027244406018789775|-0.005675045257412682|0.004184268768194863]],process_time,0.6973409652709961,matrix_w,[[-0.00041228651673709456|0.002166850160141491|0.0010048090217990742|-0.0009707007530153495]|[0.008972290023097669|-0.007544282903899161|-0.0006383295764514294|-0.007706795957909852]|[-0.013130941881522171|0.015178791030766667|-0.0025298222647420353|0.009819368747662198]|[0.005277453699650681|-0.0022768134459504887|-0.003558101369198226|-0.0005342214241234818]],
mode,cf,time_start,1627932965.2684207,matrix_w_pre,[[-0.006019246858495824|0.001902930013347601|-0.0006727244092121332|0.00933332511819131]|[0.0004449737224836989|0.0037662239974148005|-0.0014685358728001156|-0.00047598252307728327]|[0.0022848407809737035|-0.0008023834349735767|-0.004179429855677301|0.00030497296001827113]|[0.009932935941080308|-0.003188010638018586|0.0010313917463455502|-0.00958604605652504]],process_time,0.7055668830871582,matrix_w,[[0.004169239782914287|-0.0013173190692873141|0.00042077192692859184|-0.006402890503914746]|[-8.231400365490462e-05|-0.0027713867613129786|0.0011458280309715326|7.777849690412809e-05]|[-0.0007039130493037344|0.0003263880363746719|0.003028793693711735|-0.001089257232314426]|[0.007011610714572461|-0.0020832902982274486|0.00029373654651266597|-0.00654579185483723]],
mode,cf,time_start,1627932981.7531078,matrix_w_pre,[[-0.0016998687720780272|0.001798128523714585|-0.0005683901154549608|-0.0008149798386067353]|[0.0011233555565670031|0.004357941220449544|-0.0015133494487294132|-0.004143731858778814]|[0.00033767388979045543|0.0031223572842140087|-0.0003085578299378427|-0.004743436990758961]|[0.0013105066559148764|-0.0016076494699217006|-0.0017004812527079665|0.0015658861332964432]],process_time,0,matrix_w,[[-0.0016998687720780272|0.001798128523714585|-0.0005683901154549608|-0.0008149798386067353]|[0.0011233555565670031|0.004357941220449544|-0.0015133494487294132|-0.004143731858778814]|[0.00033767388979045543|0.0031223572842140087|-0.0003085578299378427|-0.004743436990758961]|[0.0013105066559148764|-0.0016076494699217006|-0.0017004812527079665|0.0015658861332964432]],
mode,cf,time_start,1627932993.133801,matrix_w_pre,[[0.0011487862299699545|-0.00041505183336513725|-0.002454436938720155|0.0006827469695500544]|[0.0013390365931228707|-0.00027936653640593147|-0.00027895737750785053|-0.0015628457927759013]|[0.001469335446639901|0.001660609173549112|-0.0007271390584833812|-0.0015936076802738227]|[0.0025261803430371463|-0.0009464876354167852|-0.0013445651102306417|0.0008870546031028233]],process_time,0,matrix_w,[[0.0011487862299699545|-0.00041505183336513725|-0.002454436938720155|0.0006827469695500544]|[0.0013390365931228707|-0.00027936653640593147|-0.00027895737750785053|-0.0015628457927759013]|[0.001469335446639901|0.001660609173549112|-0.0007271390584833812|-0.0015936076802738227]|[0.0025261803430371463|-0.0009464876354167852|-0.0013445651102306417|0.0008870546031028233]],
mode,cf,time_start,1627933000.070862,matrix_w_pre,[[0.004769949525742787|-0.006375050016932781|-0.004681122242543621|0.007878228818611634]|[0.007169858933820128|-0.0037314625845278693|-0.004102113709506067|0.000711045215559891]|[0.003232179654897101|-0.003557618905219385|-0.0069847397062962335|0.004960273771952176]|[-0.004465604327149294|0.00839908175855949|-0.0008434648077984752|-0.0021001455808708535]],process_time,0.5114340782165527,matrix_w,[[0.0032278950408015502|-0.004284592543594283|-0.0032169949877549914|0.005461615113047095]|[0.005257158056487209|-0.002727670865057503|-0.00406558693518473|0.001218492325157719]|[0.0009971988575063876|-0.0018062765134560688|-0.004179179535206732|0.003407913902437718]|[-0.003786211805430406|0.006358700041807951|-6.643771763982712e-05|-0.0017841227098752352]],
mode,cf,time_start,1627933015.9462857,matrix_w_pre,[[-0.0002062778376547979|0.002476560245498234|-0.0012091045464093719|-0.00041520223835839784]|[0.0013782488760822609|-6.108629638488128e-05|-0.0025831756589704516|0.0013316112446306431]|[0.0007022897017755443|-2.446440902614002e-05|0.00020404072468273128|-0.0018114812516672504]|[0.0023437297164839947|-0.0007455778311250848|-0.0002263813492122903|0.0003490836987368566]],process_time,0,matrix_w,[[-0.0002062778376547979|0.002476560245498234|-0.0012091045464093719|-0.00041520223835839784]|[0.0013782488760822609|-6.108629638488128e-05|-0.0025831756589704516|0.0013316112446306431]|[0.0007022897017755443|-2.446440902614002e-05|0.00020404072468273128|-0.0018114812516672504]|[0.0023437297164839947|-0.0007455778311250848|-0.0002263813492122903|0.0003490836987368566]],
mode,cf,time_start,1627933027.9488363,matrix_w_pre,[[-0.0009626826554633204|-2.600366917200989e-05|-0.0020436610191559377|0.003698160684363479]|[0.001032044195665944|0.0008830415198670676|-0.003761793397406443|0.0022353617422193636]|[0.0006017870024576145|-0.00321348644963248|0.0019261532143854617|-0.0005505874753287601]|[0.0028369976233358486|-0.0011107206845010762|0.0013658446640049235|-0.0018284840116111621]],process_time,0,matrix_w,[[-0.0009626826554633204|-2.600366917200989e-05|-0.0020436610191559377|0.003698160684363479]|[0.001032044195665944|0.0008830415198670676|-0.003761793397406443|0.0022353617422193636]|[0.0006017870024576145|-0.00321348644963248|0.0019261532143854617|-0.0005505874753287601]|[0.0028369976233358486|-0.0011107206845010762|0.0013658446640049235|-0.0018284840116111621]],
mode,cf,time_start,1627933034.7937179,matrix_w_pre,[[-0.0008412649842220074|-0.005223486685939553|0.00484085103620269|-0.0003866704983835676]|[-0.0008424249116928471|0.003990966471536878|0.0010447321572850856|-0.004508252968931757]|[-0.0098678658138938|-0.006075845028211191|0.008500128769005785|0.003354980846154356]|[0.004589764950819333|0.0028124510823100755|-0.00861887936486118|0.0005347297118608897]],process_time,0.4827725887298584,matrix_w,[[-0.0007782554684420282|-0.004030777282077956|0.0037363997212048203|-0.00020657306802457522]|[-0.000597094176301254|0.002879728429573334|0.0007160659429458073|-0.003220638004272088]|[-0.006384935733660874|-0.0038282573333073056|0.005075086010798859|0.002308108751069835]|[0.0043579673272417735|0.00268345805110286|-0.00731134448004263|0.00012793147465642264]],
mode,cf,time_start,1627933046.0734835,matrix_w_pre,[[0.003335223310055976|0.003258339089357442|-0.006176126524250538|-0.0036426908831616745]|[0.0030350519199587337|-0.0012746231508550816|0.0005334513085582252|-0.00439936616098074]|[0.0025456005923280988|-0.0010402326924284038|0.0018521071550215234|0.0008800416543235314]|[-0.0024614418436899386|0.0040671380068995865|4.621008464829746e-05|-0.002816558667540382]],process_time,0.6158773899078369,matrix_w,[[-0.0006738010124218894|-0.0033683010716577377|0.003267518683121638|0.0021578177278044237]|[-0.0006976836281373329|-0.0005681066679507797|0.0006717881301548313|0.0033392766249918156]|[0.003359127269258207|-0.0013370048130941746|0.0003400136148223066|-0.0009922282145843988]|[0.0017067808741905064|-0.000620492797672874|-0.0028266699122268426|8.114332541994844e-05]],
mode,cf,time_start,1627933057.7060635,matrix_w_pre,[[0.0005105428774629711|-0.006189716756421898|-0.0006634530737148614|0.004575436689037009]|[-5.230040947967177e-05|-0.003784406015611267|-0.0038103404248728736|0.0073596566000851075]|[0.002205121720593369|0.0005700063870508939|0.0028135549765538875|-0.0014772798967942194]|[-0.004312636134928577|0.0029151598627091646|0.00533413734467499|-0.0033844928974704103]],process_time,0.6724891662597656,matrix_w,[[-6.954975371000903e-05|0.004031381534634042|-0.00022310753231400747|-0.0027679336227379326]|[0.00046886454334991307|0.0022321289217460266|0.0020097914813917432|-0.004575216826520458]|[-0.0002131227512218718|-0.0018501871347023607|-0.003462040310221973|0.0025354433346657023]|[-0.0034652200763376512|0.0025721898521804385|0.0030300593336806785|-0.002848886372165812]],
mode,cf,time_start,1627933207.2097569,matrix_w_pre,[[0.00016873969481813824|-0.0002158202410073947|-0.0021306478951043945|0.0009706496180451719]|[-0.00032825855935596975|0.002204251372593281|-0.00035172868694724593|-0.0002675284512809727]|[-0.0020067351474589807|5.183701143207591e-05|0.0003314687362566257|-6.334591235194761e-05]|[0.00019780431895138296|0.0011433407373011345|-5.006555603015995e-05|-0.0018193121144455212]],process_time,0,matrix_w,[[0.00016873969481813824|-0.0002158202410073947|-0.0021306478951043945|0.0009706496180451719]|[-0.00032825855935596975|0.002204251372593281|-0.00035172868694724593|-0.0002675284512809727]|[-0.0020067351474589807|5.183701143207591e-05|0.0003314687362566257|-6.334591235194761e-05]|[0.00019780431895138296|0.0011433407373011345|-5.006555603015995e-05|-0.0018193121144455212]],
mode,cf,time_start,1627933214.0173209,matrix_w_pre,[[-0.00031306622196546963|-0.0013704638645054069|0.0026644941164887144|-0.0028139352937866045]|[-0.004639847145051135|0.001962723065759446|0.0030180588066228593|-0.002567272220675838]|[-0.0008377824581727205|0.003926283320667564|0.00023189017968867|-0.0035317915537945474]|[0.0007419921321910968|-0.0005722352521437512|-0.004251654649007855|0.0023701456379180198]],process_time,0.6611707210540771,matrix_w,[[0.00024044585971835368|0.0011232433300635792|-0.0021568148552707366|0.0023026146671538466]|[-0.003196852946780794|0.0012076717604791918|0.0019116208724490249|-0.0015696075143379177]|[0.0006182962138776738|-0.0028174953791630514|0.0002203141292290802|0.002362122611385907]|[-0.0008998712336633706|0.0008951204307503567|0.003267305259789235|-0.002186810755231394]],
mode,cf,time_start,1627933226.583416,matrix_w_pre,[[-0.002269206248377344|-0.0004586033548952239|0.001417330359097571|0.003863050450308172]|[0.006192323718145732|-0.0008200681216235607|-0.003370610495864355|-0.000885089411497657]|[0.001105249828540903|0.002031887528658164|-0.005065156865792446|0.0022278580609525023]|[0.0021441847005498867|-0.004281043420863043|-0.0006676548284339717|-1.9981779960372134e-05]],process_time,0.6992447376251221,matrix_w,[[0.0014947427141207522|0.00036200636734618337|-0.0009168891767322924|-0.0025326134524261273]|[0.004400920744339457|-6.145222593274438e-05|-0.003379177929720804|-8.541548741185832e-05]|[0.0008106526203535935|-0.0018888838994830179|0.0025318431496093707|-0.0016334916679854703]|[-0.0015390367898880503|0.0028871348422974553|0.0008466276362637954|-0.00018079581133484385]],
mode,cf,time_start,1627933242.469096,matrix_w_pre,[[0.0019075944396686713|-0.003784123522564931|0.001239992080824926|0.0022319526605187397]|[-0.0016245786806381218|0.0017155800067222226|0.002049413888850957|-0.002676046626135154]|[-0.0008694824647390149|0.0019490571134861124|5.6704743789666825e-05|-0.003419442682357352]|[0.0024400150376832947|-0.0006375554904656333|8.183453613162135e-05|-0.00023876428335964042]],process_time,0,matrix_w,[[0.0019075944396686713|-0.003784123522564931|0.001239992080824926|0.0022319526605187397]|[-0.0016245786806381218|0.0017155800067222226|0.002049413888850957|-0.002676046626135154]|[-0.0008694824647390149|0.0019490571134861124|5.6704743789666825e-05|-0.003419442682357352]|[0.0024400150376832947|-0.0006375554904656333|8.183453613162135e-05|-0.00023876428335964042]],
mode,cf,time_start,1627933253.7556324,matrix_w_pre,[[-0.00022340580560020753|-0.0007485253452481515|0.00012534919069121363|0.0019679722956806632]|[0.0010831000459301595|-0.0014971172353591084|0.0012121326571417936|-0.0006327057756948927]|[-0.0017637056137421625|-0.0003219398990365591|0.0021597425277145458|0.0007951264899758344]|[-0.001300148290863903|-0.002254820195088836|0.0015264891663651422|0.0009042775222202992]],process_time,0,matrix_w,[[-0.00022340580560020753|-0.0007485253452481515|0.00012534919069121363|0.0019679722956806632]|[0.0010831000459301595|-0.0014971172353591084|0.0012121326571417936|-0.0006327057756948927]|[-0.0017637056137421625|-0.0003219398990365591|0.0021597425277145458|0.0007951264899758344]|[-0.001300148290863903|-0.002254820195088836|0.0015264891663651422|0.0009042775222202992]],
mode,cf,time_start,1627933260.5820804,matrix_w_pre,[[-0.0023851157620879684|0.0020751993857667486|0.004639150312811764|-0.002870115267202602]|[-0.0016000242024712212|0.0038377809185612547|-0.001278624358740779|-0.0035380564566976657]|[-0.0026106605511941232|-0.005357904823812367|0.002753317289959395|0.004811132754306088]|[0.0027465101030605156|0.00016522249361565895|0.0013381329483510254|-0.0055976213113902345]],process_time,1.108821153640747,matrix_w,[[0.00075139124536878|0.001151413797967554|-0.003561683857070748|-0.00041585551697027363]|[-0.00274795750541207|0.0017228852190985698|0.0013368069802532846|-0.0007834141902831054]|[0.0012651985116927486|0.004499704634793517|-0.00118033215075857|-0.004412271308893845]|[-0.0008987137141520494|-0.0005065162383161979|-0.0012110529616306657|0.0036638775758014567]],
mode,cf,time_start,1627933276.0103543,matrix_w_pre,[[0.006292688853960231|0.005952152619621515|-0.009825992837759449|0.0009296264273453668]|[-0.006745143433208427|-0.007609477896242848|0.009480151968452638|0.0017476769149044544]|[0.006944403899411947|0.009779220765711572|-0.011499503568851125|7.759722385362048e-05]|[-0.0051068631549826705|-0.0021534800882733072|0.003996268422500041|0.00037253759240361145]],process_time,0,matrix_w,[[0.006292688853960231|0.005952152619621515|-0.009825992837759449|0.0009296264273453668]|[-0.006745143433208427|-0.007609477896242848|0.009480151968452638|0.0017476769149044544]|[0.006944403899411947|0.009779220765711572|-0.011499503568851125|7.759722385362048e-05]|[-0.0051068631549826705|-0.0021534800882733072|0.003996268422500041|0.00037253759240361145]],
mode,cf,time_start,1627933288.167974,matrix_w_pre,[[-0.0008490257202543203|-0.0009877702884391593|0.0024724009354078957|-0.00032834119880741986]|[0.002508528640660782|-0.005282714451877747|-0.000857027204182318|0.0029638292874666836]|[0.0005553095836852636|-0.0043702062208042045|-0.0006150984895414351|0.005132915175219184]|[0.0033958720627972005|0.0008008117731958475|-0.0012120376790780425|-0.0019615190600357343]],process_time,0,matrix_w,[[-0.0008490257202543203|-0.0009877702884391593|0.0024724009354078957|-0.00032834119880741986]|[0.002508528640660782|-0.005282714451877747|-0.000857027204182318|0.0029638292874666836]|[0.0005553095836852636|-0.0043702062208042045|-0.0006150984895414351|0.005132915175219184]|[0.0033958720627972005|0.0008008117731958475|-0.0012120376790780425|-0.0019615190600357343]],
