mode,cf,time_start,1627913711.844813,matrix_w_pre,[[0.026999376678610503|-0.0011441492316778352|-0.041298649723520695|0.027015754030114976]|[0.018439720365058056|-0.004822207588195294|-0.019149071471851593|0.0150566706183263]|[-0.006010435304803661|0.005876112471360747|0.009068664674459227|-0.011218261894018713]|[-0.003964645661888738|0.0026004776502875056|0.0003063306389756321|0.003136311711987816]],process_time,1.0824496746063232,matrix_w,[[-0.013459683539174037|-0.0003783520047691635|0.02238187352618837|-0.013967475631162296]|[-0.017855368383244315|0.0031342826193980645|0.021384141131588208|-0.015467702783415268]|[0.005897018518650718|-0.004286875748478159|-0.008665199084322782|0.009436773719494106]|[0.0024319937023516143|-0.001760368788089002|0.00021442209371550576|-0.002482527524141953]],
mode,cf,time_start,1627913729.911821,matrix_w_pre,[[0.01738486717424025|-0.016480967962623636|-0.014825393451110135|0.01097069771686702]|[0.01940835618810162|-0.009969454371556363|-0.012976067761254897|0.0044782662373444556]|[-0.013931286080470538|0.007188789967590439|0.01558497709523625|-0.003939107973441143]|[0.0050841615614230845|-0.004323662008506783|-0.007733177413864739|0.007823602491060974]],process_time,1.0698809623718262,matrix_w,[[0.00577697513238661|-0.005652758252573319|-0.0049947403295536544|0.003818519554269203]|[0.007103834527996071|-0.003800897218508385|-0.004765373738342676|0.0017461840619514704]|[-0.004746685296214547|0.002403076996206884|0.005333623333636069|-0.001278192279920625]|[0.001735672228663302|-0.001441954529326021|-0.0027133443030618234|0.002673137741374599]],
mode,cf,time_start,1627913736.2305415,matrix_w_pre,[[-0.006417614097775187|0.01642988892948848|0.0014583730556603578|-0.016395723802897853]|[0.027148902303673696|-0.02937403572695808|-0.018199549172667553|0.03320967532474673]|[-0.0011060692379303095|0.005333022279137574|-0.007639488099229134|-0.0017981385483415316]|[0.01720870084392941|-0.020810941558484827|-0.004064676196241688|0.013393518891420552]],process_time,0.37987613677978516,matrix_w,[[-0.011502791998224706|0.01800339136707829|0.005155349796247732|-0.017184239931556117]|[0.01765528396567353|-0.017669188558153155|-0.01188459856959062|0.019932575245383565]|[0.0069090760401646955|-0.006058716709758141|-0.0018888305598810486|0.0017023935954563086]|[0.0033638275863353243|-0.0073416068996483945|0.00522609366288102|0.0033581794360312825]],
mode,cf,time_start,1627913748.642498,matrix_w_pre,[[-0.00499306782094001|-0.0005063006212848867|0.004536754147913798|-0.0021210739673116572]|[0.00019885175336356448|-0.0023393787365566998|0.00625302897741999|-0.0017618850937614827]|[-0.0008912613631730443|0.008992467824619892|-0.0013766937243269277|-0.004099731250456473]|[0.0023421121096326536|0.005043845745739293|-0.002726612545739688|-0.006144042359589083]],process_time,1.1506083011627197,matrix_w,[[0.003250358273029588|0.0024403384870804595|-0.002730686405403221|5.5913941588153474e-05]|[0.00021339247343969396|-0.0035785987734554604|0.00488839329505564|-0.00045698330717575857]|[0.00192764568762995|-0.004932551641194647|-0.0017838036967344644|0.003487990051919785]|[-0.0014751472623932191|-0.00338249419162834|0.0017744489699384935|0.004298923934565839]],
mode,cf,time_start,1627913763.421724,matrix_w_pre,[[0.007166976558253813|-0.003531248352852126|-0.005181374044323361|0.0011262027276111902]|[0.003079410661473311|0.005683465676374149|-0.005127008846001165|-0.0003942692184214032]|[0.005280624984401933|-0.0016503766420187132|-0.003233225198473974|-0.004016990849953492]|[-0.000786434232999892|-5.405593302780142e-05|0.0061775781622414785|-0.001849494035313082]],process_time,1.3881187438964844,matrix_w,[[0.005410962848812993|-0.001714402919224944|-0.005274037715851448|0.0010364942469734523]|[-0.0015448223887431123|-0.0038302571937203194|0.0015644153478948366|0.000810663921072371]|[-0.003789992789133956|0.0011367487738090912|0.002450343172095728|0.002892840072463322]|[-0.000530795683533829|0.0022794380497596625|-0.0038079301966708933|0.000870284597076781]],
mode,cf,time_start,1627913782.844066,matrix_w_pre,[[0.0033311679163685187|-0.0018441842559305014|0.0029001775712013448|-0.0036504977563981455]|[0.0010438224906506983|-0.0016942588689713614|0.0025682092339221825|-0.002969173915188492]|[0.0008421867670872826|-0.002365326879364725|0.0005912840307290548|-0.0008016682166019301]|[0.0005572565385234537|0.0015014934376807955|-0.0018748391319863861|-0.00020292882779474216]],process_time,0,matrix_w,[[0.0033311679163685187|-0.0018441842559305014|0.0029001775712013448|-0.0036504977563981455]|[0.0010438224906506983|-0.0016942588689713614|0.0025682092339221825|-0.002969173915188492]|[0.0008421867670872826|-0.002365326879364725|0.0005912840307290548|-0.0008016682166019301]|[0.0005572565385234537|0.0015014934376807955|-0.0018748391319863861|-0.00020292882779474216]],
mode,cf,time_start,1627913788.1316488,matrix_w_pre,[[-0.0016240644438192237|0.008425132782963815|-0.005191365109130786|-0.0009724025274213166]|[-0.002001984735435921|0.0023663590925679717|-0.010415908934652536|0.004482376442553943]|[-0.004183959222035058|0.0006806683228218576|-0.007683999046543085|0.008247083635728835]|[0.006012988093346368|-0.0001363558485965132|-0.0027885899251145017|0.0010330855266306464]],process_time,0.9543075561523438,matrix_w,[[-0.0006010059628775233|0.0050542185906413285|-0.000591354196292871|-0.001951346251437292]|[-0.001426470045468765|0.003586186416850727|-0.008074266185298775|0.0026632765777176363]|[-0.003251244745513202|0.0005734080081346501|-0.005771372157203491|0.006182018378116715]|[0.004370782508478153|-0.0002985788786625699|-0.0013233334819255566|0.00044299623581323745]],
mode,cf,time_start,1627913898.21736,matrix_w_pre,[[0.0033327965900624246|-0.0028783789193771374|0.01465992549410163|-0.010685842883603879]|[0.0001141512951126561|-0.015603482473712819|0.03409100653002667|-0.01941977754333115]|[0.001892400623675006|-0.03315366289765753|0.08774734235510556|-0.06197198005298249]|[0.005318708520549438|-0.002088378950798627|-0.0032887560295430224|0.001872497201913487]],process_time,0.6133937835693359,matrix_w,[[0.0037889186494805905|-0.017000385155704918|0.041937002554555146|-0.02998457513902018]|[-0.00027264079076533434|0.012153750535654052|-0.02725987357698965|0.015896589255388227]|[0.0008526816450480291|0.012153451708419744|-0.03915042108621659|0.027596613084049138]|[0.0022687210768924243|0.008635154877209568|-0.01967265539459576|0.013426444592582106]],
mode,cf,time_start,1627913910.9192314,matrix_w_pre,[[0.005736442856440272|0.0005431758451318947|-0.00021150453496836344|-0.0007800471629365965]|[-0.0010141680717037243|0.00268261002147161|0.0031801125645312543|-0.0030241105829028037]|[0.0029297989730564656|-0.007126394450548343|0.008964122098191567|-0.006182213658710454]|[-0.0021739004239290233|-3.235187932772061e-05|-0.0005281025814990154|0.0056588475881216484]],process_time,0.6825635433197021,matrix_w,[[0.004353054199366825|-0.0005809557963824084|0.00010844447860184122|-0.0005548624438108786]|[4.417279637120676e-05|-0.0024388622685493516|-0.0013983846967013194|0.001639788566995141]|[-0.0015420801753275788|0.004714630956522591|-0.006398358836251954|0.0044020003657976765]|[0.0016589529858737362|-6.199101434154759e-05|0.00047275512805484954|-0.004100834131423949]],
mode,cf,time_start,1627913929.6786318,matrix_w_pre,[[0.006547626220523982|-0.002660280242013455|-0.0035193938062790817|0.0002984707374473381]|[-0.002852070067574597|-0.005371130824893323|0.0011346545727512311|0.005005266108253007]|[-0.002654564257898308|-0.007591903608530423|0.014337657191482533|-0.0017515686182002098]|[-0.0026985511280127714|0.006973298164905337|-0.009358841714265757|0.007472631277469051]],process_time,1.2020900249481201,matrix_w,[[0.002124759202335985|-0.0010221210963621795|-0.0014610016367245264|0.0004212602086105312]|[0.001305696483179498|0.0017270592945596087|-0.0006704322749259234|-0.001633709868149884]|[0.0007318175081777225|0.002722236698091258|-0.005010016316535887|0.0006933267617945444]|[0.0008893609038744612|-0.002132958139881257|0.002792573457470552|-0.0022828453010601863]],
mode,cf,time_start,1627913941.7137027,matrix_w_pre,[[-0.00957631250632291|-0.007467577159324926|0.029587898137043277|-0.021823471371200776]|[0.0009756216947221868|-0.0031420810149830223|0.014084797997124974|-0.015500475031750137]|[-0.0027584568959265992|-0.007750142419196576|0.024412212186715975|-0.016566240541003533]|[0.006530766799227163|0.0026769811166317886|-0.0351378527524725|0.03157633034445659]],process_time,0.8669905662536621,matrix_w,[[-0.003567065804715893|-0.002741644360241528|0.011306657282836127|-0.008427187038807356]|[0.0004331874711231725|-0.0010774322085990611|0.005172142481325392|-0.005799952546526539]|[-0.001189656451186228|-0.0028599765060659736|0.00960013204030272|-0.006709542691791027]|[0.0023173270805771674|0.0007580758080072478|-0.012605323584130385|0.011518233749338583]],
mode,cf,time_start,1627913947.9065998,matrix_w_pre,[[-0.0016400158535759383|-0.0015185813711351334|0.004455626416703766|0.0016694338179852404]|[-0.014833771058721641|0.026473612699956576|0.016170961679773763|-0.017105112799588824]|[0.0024606354887577965|0.007660482133542811|0.007361410122551476|-0.011165142012509757]|[-0.00869474529805496|0.017194972733427055|0.015485776460860537|-0.01754726751960119]],process_time,0.6426608562469482,matrix_w,[[0.0043833796743930715|-0.005812459282101073|-0.007649076897943006|0.0038355268891201665]|[0.008247531762460366|-0.017970195058685867|-0.009968324883844826|0.012799457972483006]|[0.004631784779622162|0.00052357786619806|0.0021230556057636376|-0.004884644176317522]|[0.00635923035481244|-0.012491869156765508|-0.011123660326459674|0.012574562241121688]],
mode,cf,time_start,1627913960.6997783,matrix_w_pre,[[-2.4721296124741897e-05|-0.003543641928802943|0.0017438978133922113|0.004024675561972877]|[-0.002501879750634496|0.0007519391455680707|-0.004310400834632105|0.004355678756943577]|[0.00478246430024333|-0.0059850349030921525|0.00023583180033079915|-0.00020782303486362814]|[-0.004334083814253371|-0.00030717256306843837|0.0033723275224497706|-0.0018594170508335432]],process_time,0.551192045211792,matrix_w,[[0.0005191578907864161|0.0017101862824975237|-0.0012158188899573181|-0.0028091766040269296]|[0.0022438818635416367|-0.0006992699276390802|0.002936677625617303|-0.0030651629799657272]|[-0.0036296766690187836|0.0045333581250684|4.252309386344123e-05|-0.0006379009441852764]|[-0.002515210094844387|-0.0008635676483963459|0.0025879412756061597|-0.0014061059760453343]],
mode,cf,time_start,1627913973.0203133,matrix_w_pre,[[-0.0010402569485072899|0.0018092832742626185|0.0012587363555589522|-0.0059975454611697525]|[-7.092371700121666e-05|0.01027955602619285|-0.010087030913623514|-0.0002670318296960213]|[-0.0065921779589668585|-0.009542741934780998|0.007463603485145032|0.003194032087509263]|[0.0016385673569484331|-0.009764686493356042|0.0031107999129023085|0.002042769709511341]],process_time,0.4913625717163086,matrix_w,[[0.0007987417029478105|0.0032901448785038214|-0.00043120711614645185|-0.004699769263739186]|[-0.00024021496108736788|-0.00751919851160205|0.007460720850084393|0.0006834743899258295]|[-0.004598016830334538|-0.005922795267002648|0.005291349850019496|0.0006996147773640413]|[-0.0013054940627456647|0.007068365786568668|-0.002618792128014051|-0.0009490797958929359]],
mode,cf,time_start,1627914338.6422071,matrix_w_pre,[[0.0038341340403479423|0.002940565513619638|0.0006184968281904261|-0.006580613062731073]|[-0.01499513318735453|0.04536315773835273|-0.036121740248768235|-0.006448595529169535]|[0.01981979489726901|-0.05909069715382|0.038972350539647156|0.009585459344695868]|[-0.02047844546277195|0.04075854478043021|-0.02559456280011699|-0.0056401771258820284]],process_time,0.7535595893859863,matrix_w,[[-0.0020695960232424656|-0.00298750732125166|9.367605862094211e-05|0.004698771636623896]|[0.006322475186875106|-0.022491425044879262|0.019135479606012556|0.00323946269273154]|[-0.015251637986107364|0.04524978824386644|-0.029966012786647917|-0.007371561992806262]|[-0.01512524458234649|0.031512900862452155|-0.020962103958198565|-0.004185188174619733]],
mode,cf,time_start,1627914351.2394166,matrix_w_pre,[[-0.0027535325407551034|-0.005794023146762066|0.002284177098714661|0.0026408063165288863]|[-0.002468101483677144|0.0037319545066546857|0.005784285662571737|-0.0037099628544257335]|[-0.0055256687259328295|0.005843241686943127|-0.0005993722760397774|-0.0005981637791960837]|[0.003603252848058947|0.002295224856839777|0.0011687786876051496|-0.008362749079940831]],process_time,0.6703436374664307,matrix_w,[[0.0008659542490559418|0.0037597232852361905|-0.0022860047550569487|-0.00022715143438458782]|[-0.0014446287629253244|0.0029533817550004265|0.003558431153079537|-0.0025506349397558838]|[-0.004201557157907041|0.0032674923905026817|-0.0003777569827615561|0.0001638195364258683]|[-0.002308775625190712|-0.0020399519521440896|-0.0003000542188884735|0.005018289980845097]],
mode,cf,time_start,1627914363.3519175,matrix_w_pre,[[-0.00663774869493499|-0.0010035067347530765|0.008689246440463552|0.0018001352924076235]|[-0.004537594328822594|-0.0022377854083618066|0.00748397322824636|-0.002536976487178608]|[0.004803869209898378|-0.0067662363024779786|-0.0002809933413259235|0.004151277098041294]|[-0.004734111044903099|-0.007473065354953266|0.002641335330950984|0.0090389961895148]],process_time,0.7580835819244385,matrix_w,[[0.0056291257473060595|-0.0021054340454683016|-0.005327987477876157|0.0007095702989381483]|[0.0028718556633418953|0.0013761066798558346|-0.004705899811591038|0.0016568425607117014]|[0.00037417689049242756|0.005420468907985021|-0.0033530827706477226|-0.004423541351026111]|[-0.00389838996921942|-0.004197467748719006|0.0015321734530882813|0.005762313557522548]],
mode,cf,time_start,1627914375.4202204,matrix_w_pre,[[-0.0014176166284239136|-0.00953123673225289|0.00986637213030272|-0.005857550667733811]|[0.0018112177276651518|-0.006075931814147738|0.010874759852997169|-0.01062515517288478]|[-0.00683629851990531|0.005780514978160688|-0.0013286033013568945|-0.0009173534427463092]|[-0.0027327842750545232|-0.005140820865692607|0.008020127817963463|0.0003462531975117595]],process_time,0.6696844100952148,matrix_w,[[0.0013842039004282659|0.006328107656429536|-0.006955914076162392|0.004269745595554455]|[-0.0010676324376485667|0.0036107840934254676|-0.007194157699554229|0.007504737959770227]|[0.004964885416908858|-0.003814234928058104|0.00034962672616978746|8.263678925124613e-05]|[-0.0007786901957412271|-0.004650612672450651|0.00627040456370283|-0.00022844682359720282]],
mode,cf,time_start,1627914388.8443427,matrix_w_pre,[[-0.0027066627230467946|0.0033078034544438864|0.0038275894997981765|-0.002958255304012879]|[0.00536205420824777|-0.003310525045991583|0.000884452390301327|-0.0054921860670274]|[0.003785454535168408|0.0032955036915181687|-0.006629348539199862|0.0006865354336506453]|[0.008500161851290029|-0.005119960003740941|0.0006166269576612785|-0.0007188161620935465]],process_time,1.6702461242675781,matrix_w,[[-0.00021756218438334293|-0.0026873642365747297|-0.0001258120423262417|0.0015051437804859862]|[-0.0035220323706546906|0.0021696962257348046|-0.0005436013427265583|0.0035837051992908403]|[-0.00297681040758597|-0.0010495465589133394|0.005205467070842589|-0.001306996927983367]|[0.005909252853842954|-0.003827258356876661|0.00028187073491560047|-0.00020370692611910613]],
mode,cf,time_start,1627914505.6291895,matrix_w_pre,[[-0.007406036627634584|0.004922099349105179|0.0047724446644593094|-0.005178686910982356]|[0.0009678997591814185|-0.0021857854846125888|0.0006023272946355958|0.0054634938589633395]|[0.0026682965248252992|-0.007742570615552886|-0.0017071511024258944|0.005959004603685657]|[-0.0027546647460466515|0.0030129346218408723|-0.010624737028310452|0.009842104532622757]],process_time,0.8967125415802002,matrix_w,[[-0.005475991630320619|0.0037207171810981566|0.0018888400864990164|-0.002373866232425665]|[-4.452262038352509e-05|-0.00035638103791318476|-0.0031140133489890058|0.006559368890217705]|[0.0019934043002899173|-0.005586936260725022|-0.0010121155790477625|0.0042893432877882]|[-0.0008001875123931293|0.0014917682277196338|-0.007476807622585159|0.005187568446642991]],
mode,cf,time_start,1627914524.6199923,matrix_w_pre,[[0.001008973026068442|-0.0004654362839811754|-0.002758699489594627|0.001717037497807564]|[0.0020508324444444637|-0.002165509893139497|0.007771348376980546|-0.009561064774967955]|[-0.00017900395800532194|-0.002281141589177046|0.002488235085583694|-0.001342456553932248]|[0.004006781727797022|-0.004458584874556997|0.010847672812334135|-0.011523902825831165]],process_time,0,matrix_w,[[0.001008973026068442|-0.0004654362839811754|-0.002758699489594627|0.001717037497807564]|[0.0020508324444444637|-0.002165509893139497|0.007771348376980546|-0.009561064774967955]|[-0.00017900395800532194|-0.002281141589177046|0.002488235085583694|-0.001342456553932248]|[0.004006781727797022|-0.004458584874556997|0.010847672812334135|-0.011523902825831165]],
mode,cf,time_start,1627914536.5175457,matrix_w_pre,[[0.00024688406799434974|-0.009031980123266175|0.007947055523874477|0.0014129990889640985]|[-0.0010346495002340785|1.387090643132445e-05|-0.0011922735477622498|0.0016333367592843919]|[0.001069319764674283|0.010336781832266405|-0.010399498268168775|-0.0004435512177943303]|[0.001126826016338551|-0.005560786786001257|0.004064272743139135|-0.0006698553688461487]],process_time,0,matrix_w,[[0.00024688406799434974|-0.009031980123266175|0.007947055523874477|0.0014129990889640985]|[-0.0010346495002340785|1.387090643132445e-05|-0.0011922735477622498|0.0016333367592843919]|[0.001069319764674283|0.010336781832266405|-0.010399498268168775|-0.0004435512177943303]|[0.001126826016338551|-0.005560786786001257|0.004064272743139135|-0.0006698553688461487]],
mode,cf,time_start,1627914541.9364822,matrix_w_pre,[[-0.0010956951043859374|-0.0016919107792634943|0.007766189605883845|-0.0009357891168256706]|[-0.0008587515038248255|0.00015452535948898472|0.0037491987524157456|-0.005979681641741775]|[-0.004967776396325028|0.005935490620818835|0.0032149459692605966|-0.005886885379066323]|[-0.00631300965188558|-0.001449956897957927|0.0047496982947104055|0.0010805705252705502]],process_time,0.5676908493041992,matrix_w,[[0.00048614634304822304|0.0012182731170021133|-0.005604582086505574|0.0005875753273596494]|[0.0005416765911621628|-3.2408500819789765e-05|-0.002823439372496303|0.00415200849261716]|[0.003857237324379443|-0.004104021147623566|-0.0025334315549808604|0.004072234731708825]|[-0.003687716134880623|-0.00150720278258797|0.0031248973327167953|0.0011961217594350186]],
mode,cf,time_start,1627914554.22365,matrix_w_pre,[[0.0026297095793848283|0.0012807323660745439|-0.0015399433681022787|-0.0036529098842880206]|[-0.0019152644915245449|-0.0012029844062120475|-0.004090574689398225|0.0027425656365347604]|[0.003728890082076561|-0.0010284726290818804|-0.00401167561198131|0.0021922532983076545]|[0.00114807518896851|-0.00708562044082071|0.0018265318086287835|0.004425919516328848]],process_time,0.5688269138336182,matrix_w,[[-0.0021124421461030116|-0.0011820034107272955|0.0009750328611242908|0.003219720803455357]|[0.001154553721236948|9.707792325882008e-05|0.003559998414587177|-0.001520529887794803]|[0.0030094906056944972|-0.0007200295612237369|-0.002801249816641698|0.0014234840097913824]|[-0.0006136993607622539|0.005163072937637455|-0.0009445479377148451|-0.0033849304278047816]],
mode,cf,time_start,1627914566.1991725,matrix_w_pre,[[0.003221512377367231|-0.010293960875251716|0.002537793589154967|0.00400200051313232]|[0.025296702451471725|-0.015098166486009357|0.053423057843904144|-0.054819759357637145]|[0.035710973691606064|-0.02344169174186253|0.06216092894797075|-0.059431559975599485]|[0.001655717125015616|-0.003780657515933818|0.01670294939938072|-0.010147240618603146]],process_time,1.296010971069336,matrix_w,[[7.05470606809874e-06|0.0057487767826391875|-0.0030956829947892104|-0.002701179510462592]|[-0.016290457722033667|0.009402925028888415|-0.03425959983982848|0.035528891188958404]|[0.025156462823992833|-0.01769520552088152|0.041617496840533834|-0.0392732415351479]|[0.007461469014352904|-0.004173708280922639|0.022257017475014858|-0.019694270405669123]],
mode,cf,time_start,1627914578.8485417,matrix_w_pre,[[-0.009381493793075107|0.0005536596352652242|-0.005785532308789628|0.009681795119250589]|[-0.006261938800107062|0.009921251156310323|-0.0025669318518484504|-0.0030778510370536535]|[-0.008046763144496549|-0.0017943597276355117|0.0002873321087388695|0.010385843137322172]|[0.009902622422664032|-0.001825074666996484|-0.0008443966118010273|-0.0031784156279486375]],process_time,0.6658320426940918,matrix_w,[[-0.0067368249623579665|0.000378922716392394|-0.003942417180312872|0.006811051267605705]|[-0.0040863194035257|0.006935951571086773|-0.0018124700833878236|-0.0023845162525623115]|[-0.006470226446135483|-0.0011908823886545182|0.00020324510036488482|0.008122708055395776]|[0.00745858208490924|-0.0014296049015054746|-0.0007646530329997637|-0.0023046143474532307]],
mode,cf,time_start,1627914597.447118,matrix_w_pre,[[-0.001384073878723827|-0.0010410005005531174|0.000680979844453009|0.0016981436277124329]|[0.0037508638096055117|-0.0006924685130269266|-0.0024102621501223337|-9.576113331719018e-05]|[0.0008150080597535322|-0.0009650697678646537|-0.002619289486379061|0.0010681112853200478]|[0.0010609068363484043|-0.0017225035650778062|0.0005778295768840005|-0.0006105354276042647]],process_time,0,matrix_w,[[-0.001384073878723827|-0.0010410005005531174|0.000680979844453009|0.0016981436277124329]|[0.0037508638096055117|-0.0006924685130269266|-0.0024102621501223337|-9.576113331719018e-05]|[0.0008150080597535322|-0.0009650697678646537|-0.002619289486379061|0.0010681112853200478]|[0.0010609068363484043|-0.0017225035650778062|0.0005778295768840005|-0.0006105354276042647]],
mode,cf,time_start,1627914703.6233444,matrix_w_pre,[[-0.010878008049239147|0.0010141507968225566|-0.0012625006962393391|0.0077689295816054695]|[-0.01993624542067016|0.013567341494733574|-0.01739595531683252|0.015334359261354992]|[-0.025529396271379092|0.018491827983540977|-0.016121210099995186|0.017968696192780697]|[-0.006638188637688178|0.00784845730005965|-0.006149887727650278|0.0003128376482355456]],process_time,0.7082204818725586,matrix_w,[[-0.005594594516183587|-0.0008651585295420361|0.0003331283526615175|0.004077354683711105]|[0.01383416621158214|-0.009667029947332078|0.012312529744349597|-0.010662468434088754]|[0.019127742339281363|-0.013075769976994637|0.011386525834895715|-0.013438267727404507]|[0.004814005677387301|-0.0055658006439698905|0.004376807963023434|-0.0003646197115803351]],
mode,cf,time_start,1627914715.8423836,matrix_w_pre,[[-0.007139301320489354|-0.03184505313138338|0.04033435475385327|0.007142402237262168]|[0.009934814160158133|0.027291105834537813|-0.031178426703375745|-0.01190808302221268]|[0.0009267812020765953|-0.008566280406476912|0.006337689630381704|0.006808645315848567]|[-0.0015220402291238957|0.020457253556866794|-0.017335547285798537|-0.00478776631908202]],process_time,0.5834531784057617,matrix_w,[[-0.0026228560965421773|-0.003579530105806965|0.0023147673785607736|0.0039892105119770874]|[0.007757794386557415|0.027426403478508665|-0.03370467777198996|-0.008359294364339152]|[-0.0006927008959963585|0.005405558363665371|-0.003784101491522534|-0.0046466865404427475]|[0.001196205338484814|-0.014421621522241647|0.012318048173006097|0.0032414321383488092]],
mode,cf,time_start,1627914728.735632,matrix_w_pre,[[-0.003471681975348825|-0.005597605743238456|-0.004168313280972011|0.009220967868874524]|[-0.008999651526572228|-0.012290992229580208|0.004072708562510268|0.018451468724491396]|[0.009017715610230842|0.001074487709059216|-0.004317095333932173|-0.004508299581240087]|[0.003122652435196657|0.01693980940310414|-0.0011083582896160293|-0.015138181668497971]],process_time,0.6590132713317871,matrix_w,[[0.004489723170726377|0.006891541786332433|0.0018449486144789579|-0.009626929756108769]|[0.006355938262038784|0.008762369248422759|-0.0027905064749104654|-0.013126758739140243]|[0.006011266337339329|-0.0006679017630742256|-0.0037905892384362916|-0.0013923933539466095]|[-0.0013667387132196788|-0.0101108948429197|0.0014904304541199925|0.008159894266501759]],
mode,cf,time_start,1627914825.1506324,matrix_w_pre,[[0.003317777538358677|-0.00471032523892585|-0.0010840993130654187|0.004401672108181895]|[0.000856546115894711|-0.0031444173679533766|0.003202205195801415|-0.004151114666170313]|[-0.0015399219226384278|0.002727266099247641|0.006275410496740785|-0.004799434778078181]|[0.005971655443596276|0.0016972212108468277|-0.0035509291341947156|-0.003788100194365757]],process_time,0.6878702640533447,matrix_w,[[-0.001042150782423353|0.0024936974258187986|0.00043325078629820416|-0.0035716381789302493]|[-0.0013780635257146245|0.0027798869930335955|-0.002104005487953027|0.0024160245362065303]|[0.0013783339180096445|-0.0023375929858320803|-0.004665807950895529|0.0035987353775462257]|[0.004559006719884131|0.0008046209916355787|-0.002781016055744226|-0.0018915693022994915]],
mode,cf,time_start,1627914843.6137266,matrix_w_pre,[[0.010331543862809243|0.0218445440087113|-0.027726718251966067|0.004035249862738933]|[0.003183736801550643|0.02392330011800869|-0.022549174707195408|0.0037966033293806035]|[0.005090992951554059|0.024775074277471127|-0.03132326436286185|0.005840671878290441]|[0.004525901291683842|0.010230778183065566|-0.008309413900515096|-0.004573058997720494]],process_time,0.9664983749389648,matrix_w,[[0.003958058255289399|0.00839467748685761|-0.010668437334091972|0.0015384722924307826]|[0.0012073415208353302|0.008681468406863211|-0.008259457468230865|0.0014081779731145994]|[0.0018644617774158333|0.009556216769428192|-0.01197596212708535|0.002219300145724441]|[0.0014698950653399903|0.003384974574345751|-0.0027291086182691976|-0.001454831560558581]],
mode,cf,time_start,1627914849.9065845,matrix_w_pre,[[-0.002701608649200973|0.005129553463241766|0.0029315688151895294|-0.00457339525335572]|[0.028327584389368495|-0.027282217843079052|-0.0012911173578779845|-0.02113899968805305]|[-0.020577165659637086|0.023874987093692953|-0.00642841890207144|0.016320161804764068]|[0.007000382742606973|0.0013947529025801187|-0.007528713802216222|0.0010059629372909627]],process_time,0.5335123538970947,matrix_w,[[-0.006964832811966224|0.004417038449340835|-0.0016973738073290216|0.007304076170728989]|[-0.01894785467972951|0.017166933740291532|0.001867492206946516|0.01384003962670007]|[0.014852668898158308|-0.01804797183250736|0.0031342171413568914|-0.009889213935998594]|[0.0018217036366149964|0.0027244406018789775|-0.005675045257412682|0.004184268768194863]],
mode,cf,time_start,1627914863.9684782,matrix_w_pre,[[0.008898084980325372|-0.0027563493621674384|0.0009661578592348922|-0.013613336656489465]|[-0.0011368238976687643|-0.005192847740090761|0.0015524667891599372|0.0014092758679318232]|[0.0008931286341364588|-0.000727969978246942|0.005717523537657748|-0.003960361183976037]|[0.013759610462808035|-0.004573696937539326|-0.00028637582091815275|-0.012208918071918604]],process_time,0.5502808094024658,matrix_w,[[-0.006019246858495824|0.001902930013347601|-0.0006727244092121332|0.00933332511819131]|[0.0004449737224836989|0.0037662239974148005|-0.0014685358728001156|-0.00047598252307728327]|[0.0022848407809737035|-0.0008023834349735767|-0.004179429855677301|0.00030497296001827113]|[0.009932935941080308|-0.003188010638018586|0.0010313917463455502|-0.00958604605652504]],
mode,cf,time_start,1627914883.5153067,matrix_w_pre,[[-0.0016998687720780272|0.001798128523714585|-0.0005683901154549608|-0.0008149798386067353]|[0.0011233555565670031|0.004357941220449544|-0.0015133494487294132|-0.004143731858778814]|[0.00033767388979045543|0.0031223572842140087|-0.0003085578299378427|-0.004743436990758961]|[0.0013105066559148764|-0.0016076494699217006|-0.0017004812527079665|0.0015658861332964432]],process_time,0,matrix_w,[[-0.0016998687720780272|0.001798128523714585|-0.0005683901154549608|-0.0008149798386067353]|[0.0011233555565670031|0.004357941220449544|-0.0015133494487294132|-0.004143731858778814]|[0.00033767388979045543|0.0031223572842140087|-0.0003085578299378427|-0.004743436990758961]|[0.0013105066559148764|-0.0016076494699217006|-0.0017004812527079665|0.0015658861332964432]],
mode,cf,time_start,1627914894.3187916,matrix_w_pre,[[-0.0020173654286759794|0.00038827837097880175|0.00596183551472755|-0.0010564377487055836]|[-0.0033325644307037063|0.0007375067441702957|0.0006155998416927324|0.003847654624642343]|[-0.005240009512947335|-0.003930843227840437|0.002573931961962241|0.0038039352733808566]|[0.006429954947438974|-0.0034660110260635014|-0.0042439780652898055|0.003352098026891059]],process_time,1.2637550830841064,matrix_w,[[0.0011487862299699545|-0.00041505183336513725|-0.002454436938720155|0.0006827469695500544]|[0.0013390365931228707|-0.00027936653640593147|-0.00027895737750785053|-0.0015628457927759013]|[0.001469335446639901|0.001660609173549112|-0.0007271390584833812|-0.0015936076802738227]|[0.0025261803430371463|-0.0009464876354167852|-0.0013445651102306417|0.0008870546031028233]],
mode,cf,time_start,1627914900.9138637,matrix_w_pre,[[0.006923917468874446|-0.008875390123042164|-0.006916673488738449|0.01125799086988484]|[0.010034501282180813|-0.0052490406986696325|-0.005885286750379795|0.0009359335364640676]|[0.0006834511375940779|0.0014358223871116596|-0.009415501104706899|0.004928443054631177]|[-0.0080144432028375|0.013407123997778533|0.004141641090639179|-0.00668536118803353]],process_time,0.9146714210510254,matrix_w,[[0.004769949525742787|-0.006375050016932781|-0.004681122242543621|0.007878228818611634]|[0.007169858933820128|-0.0037314625845278693|-0.004102113709506067|0.000711045215559891]|[0.003232179654897101|-0.003557618905219385|-0.0069847397062962335|0.004960273771952176]|[-0.004465604327149294|0.00839908175855949|-0.0008434648077984752|-0.0021001455808708535]],
mode,cf,time_start,1627914919.513076,matrix_w_pre,[[-0.0002062778376547979|0.002476560245498234|-0.0012091045464093719|-0.00041520223835839784]|[0.0013782488760822609|-6.108629638488128e-05|-0.0025831756589704516|0.0013316112446306431]|[0.0007022897017755443|-2.446440902614002e-05|0.00020404072468273128|-0.0018114812516672504]|[0.0023437297164839947|-0.0007455778311250848|-0.0002263813492122903|0.0003490836987368566]],process_time,0,matrix_w,[[-0.0002062778376547979|0.002476560245498234|-0.0012091045464093719|-0.00041520223835839784]|[0.0013782488760822609|-6.108629638488128e-05|-0.0025831756589704516|0.0013316112446306431]|[0.0007022897017755443|-2.446440902614002e-05|0.00020404072468273128|-0.0018114812516672504]|[0.0023437297164839947|-0.0007455778311250848|-0.0002263813492122903|0.0003490836987368566]],
mode,cf,time_start,1627914932.4211042,matrix_w_pre,[[-0.0009626826554633204|-2.600366917200989e-05|-0.0020436610191559377|0.003698160684363479]|[0.001032044195665944|0.0008830415198670676|-0.003761793397406443|0.0022353617422193636]|[0.0006017870024576145|-0.00321348644963248|0.0019261532143854617|-0.0005505874753287601]|[0.0028369976233358486|-0.0011107206845010762|0.0013658446640049235|-0.0018284840116111621]],process_time,0,matrix_w,[[-0.0009626826554633204|-2.600366917200989e-05|-0.0020436610191559377|0.003698160684363479]|[0.001032044195665944|0.0008830415198670676|-0.003761793397406443|0.0022353617422193636]|[0.0006017870024576145|-0.00321348644963248|0.0019261532143854617|-0.0005505874753287601]|[0.0028369976233358486|-0.0011107206845010762|0.0013658446640049235|-0.0018284840116111621]],
mode,cf,time_start,1627915094.148782,matrix_w_pre,[[-0.0002855854793356044|0.008299883746985443|-0.004362708965245343|-0.0016525203403028282]|[0.0002675810190624505|-0.003368161461854167|-0.0025193844200932904|0.006411001008226197]|[-0.015402228374344355|-0.009786133756038283|0.015262542173042466|0.004258783296502329]|[-0.0015492135065397264|-0.0018696587856390455|0.007774853802030476|-0.0019526818493347268]],process_time,0.6590967178344727,matrix_w,[[-0.0008412649842220074|-0.005223486685939553|0.00484085103620269|-0.0003866704983835676]|[-0.0008424249116928471|0.003990966471536878|0.0010447321572850856|-0.004508252968931757]|[-0.0098678658138938|-0.006075845028211191|0.008500128769005785|0.003354980846154356]|[0.004589764950819333|0.0028124510823100755|-0.00861887936486118|0.0005347297118608897]],
mode,cf,time_start,1627915106.139695,matrix_w_pre,[[0.002115853287318187|0.0021853888173223673|-0.002309640087421827|-0.008182752406674725]|[-0.006431817053714184|0.0059805356982731515|-0.0027760073469661442|-0.0002722948542457185]|[0.004174350780005926|0.004786253298747917|-0.005419015464119907|-0.0040772840513942765]|[-0.0028325252803979004|6.71424923614175e-05|0.006383739974439174|0.0006958392605249729]],process_time,0.9594643115997314,matrix_w,[[0.003335223310055976|0.003258339089357442|-0.006176126524250538|-0.0036426908831616745]|[0.0030350519199587337|-0.0012746231508550816|0.0005334513085582252|-0.00439936616098074]|[0.0025456005923280988|-0.0010402326924284038|0.0018521071550215234|0.0008800416543235314]|[-0.0024614418436899386|0.0040671380068995865|4.621008464829746e-05|-0.002816558667540382]],
mode,cf,time_start,1627915118.8716793,matrix_w_pre,[[-0.0008912392064792134|0.007208771651481404|-0.0016720849716334734|-0.0042679732519707156]|[0.0018956753838297166|0.006465277825516847|0.0067171482952208|-0.010530118273892101]|[0.00689614815886172|-0.0051344847823106814|-0.007835376517138011|0.006145916717606496]|[-0.000643677841440284|4.3818175115954885e-06|-0.0017406579239164048|-0.0024018303440906147]],process_time,1.1413743495941162,matrix_w,[[0.0005105428774629711|-0.006189716756421898|-0.0006634530737148614|0.004575436689037009]|[-5.230040947967177e-05|-0.003784406015611267|-0.0038103404248728736|0.0073596566000851075]|[0.002205121720593369|0.0005700063870508939|0.0028135549765538875|-0.0014772798967942194]|[-0.004312636134928577|0.0029151598627091646|0.00533413734467499|-0.0033844928974704103]],
mode,cf,time_start,1627915137.6107125,matrix_w_pre,[[0.0005668579383854409|0.0006676821528343381|0.005320540448085033|-0.002482256862024226]|[0.0006561605242858752|-0.0056288652662949065|0.001052150260989055|0.000659933021525539]|[-0.004884000608773072|0.0003253064451712863|0.0018459007770428423|-0.0005918084045340189]|[-0.0005227175506450614|-0.0033105248544431295|0.00024344190241633955|0.005211213125605632]],process_time,1.1718227863311768,matrix_w,[[0.00016873969481813824|-0.0002158202410073947|-0.0021306478951043945|0.0009706496180451719]|[-0.00032825855935596975|0.002204251372593281|-0.00035172868694724593|-0.0002675284512809727]|[-0.0020067351474589807|5.183701143207591e-05|0.0003314687362566257|-6.334591235194761e-05]|[0.00019780431895138296|0.0011433407373011345|-5.006555603015995e-05|-0.0018193121144455212]],
mode,cf,time_start,1627915144.0684166,matrix_w_pre,[[0.0006367563509263003|0.0021399628274034236|-0.0043205870183829|0.004461667305685208]|[-0.006438198135482742|0.002788449060398301|0.004797496533976656|-0.003959055204271664]|[0.0011243832856988184|-0.005351063118588513|-0.0016038342831372011|0.005450350448997971]|[2.166807393275956e-05|-0.0007643598114554271|0.005275922025063701|-0.001716574580628487]],process_time,0.8229336738586426,matrix_w,[[-0.00031306622196546963|-0.0013704638645054069|0.0026644941164887144|-0.0028139352937866045]|[-0.004639847145051135|0.001962723065759446|0.0030180588066228593|-0.002567272220675838]|[-0.0008377824581727205|0.003926283320667564|0.00023189017968867|-0.0035317915537945474]|[0.0007419921321910968|-0.0005722352521437512|-0.004251654649007855|0.0023701456379180198]],
mode,cf,time_start,1627915157.8581192,matrix_w_pre,[[-0.0028441191685058833|-0.00041453149949554615|0.0015368816968348404|0.0056093625116283696]|[0.009854609445278481|-0.0008303477410596238|-0.006016187714930527|-0.0010049179381315344]|[0.0008465485718250094|0.003668961795981832|-0.007537949281372072|0.003574919744831445]|[0.0028753061547228454|-0.006092065893492341|-0.0009640812318561755|0.00014204850485497315]],process_time,2.2826716899871826,matrix_w,[[-0.002269206248377344|-0.0004586033548952239|0.001417330359097571|0.003863050450308172]|[0.006192323718145732|-0.0008200681216235607|-0.003370610495864355|-0.000885089411497657]|[0.001105249828540903|0.002031887528658164|-0.005065156865792446|0.0022278580609525023]|[0.0021441847005498867|-0.004281043420863043|-0.0006676548284339717|-1.9981779960372134e-05]],
mode,cf,time_start,1627915176.7128663,matrix_w_pre,[[0.0019075944396686713|-0.003784123522564931|0.001239992080824926|0.0022319526605187397]|[-0.0016245786806381218|0.0017155800067222226|0.002049413888850957|-0.002676046626135154]|[-0.0008694824647390149|0.0019490571134861124|5.6704743789666825e-05|-0.003419442682357352]|[0.0024400150376832947|-0.0006375554904656333|8.183453613162135e-05|-0.00023876428335964042]],process_time,0,matrix_w,[[0.0019075944396686713|-0.003784123522564931|0.001239992080824926|0.0022319526605187397]|[-0.0016245786806381218|0.0017155800067222226|0.002049413888850957|-0.002676046626135154]|[-0.0008694824647390149|0.0019490571134861124|5.6704743789666825e-05|-0.003419442682357352]|[0.0024400150376832947|-0.0006375554904656333|8.183453613162135e-05|-0.00023876428335964042]],
mode,cf,time_start,1627915188.3112173,matrix_w_pre,[[-0.00022340722286285432|-0.0007485259219731519|0.00012535117123136784|0.001967972953920141]|[0.001083098038719051|-0.0014971202999349588|0.0012121350337823476|-0.0006327046464902579]|[-0.0017637145252497528|-0.0003219546934637547|0.002159753096457408|0.0007951309631159175]|[-0.001300138122014753|-0.002254816284237787|0.0015264733249568494|0.0009042730604101179]],process_time,0,matrix_w,[[-0.00022340722286285432|-0.0007485259219731519|0.00012535117123136784|0.001967972953920141]|[0.001083098038719051|-0.0014971202999349588|0.0012121350337823476|-0.0006327046464902579]|[-0.0017637145252497528|-0.0003219546934637547|0.002159753096457408|0.0007951309631159175]|[-0.001300138122014753|-0.002254816284237787|0.0015264733249568494|0.0009042730604101179]],
mode,cf,time_start,1627915332.150147,matrix_w_pre,[[-0.0012416178577829126|-0.005834777739373115|-0.0033426931524863663|0.011060008780102864]|[-0.006445573586882811|0.00029439549992685293|0.004007148833034192|0.002272166774700516]|[-0.000184933651106681|0.004598370910058565|-0.0009387114884869881|-0.00025770601619379486]|[-0.0003524550510203915|-0.006554107761909549|0.006413159032271887|0.0038714229563880428]],process_time,0.48238229751586914,matrix_w,[[-0.0023851157620879684|0.0020751993857667486|0.004639150312811764|-0.002870115267202602]|[-0.0016000242024712212|0.0038377809185612547|-0.001278624358740779|-0.0035380564566976657]|[-0.0026106605511941232|-0.005357904823812367|0.002753317289959395|0.004811132754306088]|[0.0027465101030605156|0.00016522249361565895|0.0013381329483510254|-0.0055976213113902345]],
mode,cf,time_start,1627915349.784572,matrix_w_pre,[[0.017950551470885624|0.01676208955062232|-0.027660493101591452|0.0024988415832807114]|[-0.016615458430822648|-0.01893976805425651|0.023490605569134106|0.004435039360429933]|[0.018868212830776682|0.02591176499856854|-0.030807536917179083|0.000138754674835244]|[-0.01327234360778077|-0.005225349460031447|0.009870752192973455|0.0010935567498467024]],process_time,0.9002532958984375,matrix_w,[[0.006292688853960231|0.005952152619621515|-0.009825992837759449|0.0009296264273453668]|[-0.006745143433208427|-0.007609477896242848|0.009480151968452638|0.0017476769149044544]|[0.006944403899411947|0.009779220765711572|-0.011499503568851125|7.759722385362048e-05]|[-0.0051068631549826705|-0.0021534800882733072|0.003996268422500041|0.00037253759240361145]],
mode,cf,time_start,1627915363.1159317,matrix_w_pre,[[-0.0008490257202543203|-0.0009877702884391593|0.0024724009354078957|-0.00032834119880741986]|[0.002508528640660782|-0.005282714451877747|-0.000857027204182318|0.0029638292874666836]|[0.0005553095836852636|-0.0043702062208042045|-0.0006150984895414351|0.005132915175219184]|[0.0033958720627972005|0.0008008117731958475|-0.0012120376790780425|-0.0019615190600357343]],process_time,0,matrix_w,[[-0.0008490257202543203|-0.0009877702884391593|0.0024724009354078957|-0.00032834119880741986]|[0.002508528640660782|-0.005282714451877747|-0.000857027204182318|0.0029638292874666836]|[0.0005553095836852636|-0.0043702062208042045|-0.0006150984895414351|0.005132915175219184]|[0.0033958720627972005|0.0008008117731958475|-0.0012120376790780425|-0.0019615190600357343]],
