time_start,1628435112.2056372,matrix_w_pre,[[-0.0011648129741932815|0.0008733966658082903|-0.00016209913720562343|0.0012709059503039982]|[0.008707769683746005|-0.0017190443495642778|-0.010616407211329048|0.00786970950668872]|[0.0067142416533493236|5.915475132637764e-05|-0.011254217037043783|0.007151751299879239]|[0.001029080371304361|-0.0019733310641871305|-0.0017955949931953282|0.0030421562477761783]],process_time,0,matrix_w,[[-0.0011648129741932815|0.0008733966658082903|-0.00016209913720562343|0.0012709059503039982]|[0.008707769683746005|-0.0017190443495642778|-0.010616407211329048|0.00786970950668872]|[0.0067142416533493236|5.915475132637764e-05|-0.011254217037043783|0.007151751299879239]|[0.001029080371304361|-0.0019733310641871305|-0.0017955949931953282|0.0030421562477761783]],
time_start,1628435120.7382798,matrix_w_pre,[[0.007109225302147384|-0.003805818709955695|-0.004770198831909304|0.0017493893658077676]|[-0.0017369898448095378|0.001442592216133295|0.002714743256045246|-0.002673451230780649]|[0.004743264311863703|-0.00240032932269294|-0.005330592762691264|0.0012760440638864912]|[0.0057727178924346185|-0.005650456939302313|-0.004992566333711047|0.0038175401511040567]],process_time,0,matrix_w,[[0.007109225302147384|-0.003805818709955695|-0.004770198831909304|0.0017493893658077676]|[-0.0017369898448095378|0.001442592216133295|0.002714743256045246|-0.002673451230780649]|[0.004743264311863703|-0.00240032932269294|-0.005330592762691264|0.0012760440638864912]|[0.0057727178924346185|-0.005650456939302313|-0.004992566333711047|0.0038175401511040567]],
time_start,1628435128.797801,matrix_w_pre,[[0.004572099731843208|-0.007922757375106148|-0.002198893420302758|0.00796165120238898]|[-0.008955343727216394|0.00920847467082638|0.006059818431625837|-0.010520465822555156]|[0.004587225639737576|-0.004877470335549923|-0.0015672144334256542|0.003007260020571965]|[-0.001691992090101004|0.0039034490216747534|-0.0025885385971841203|-0.0020086045983444974]],process_time,0,matrix_w,[[0.004572099731843208|-0.007922757375106148|-0.002198893420302758|0.00796165120238898]|[-0.008955343727216394|0.00920847467082638|0.006059818431625837|-0.010520465822555156]|[0.004587225639737576|-0.004877470335549923|-0.0015672144334256542|0.003007260020571965]|[-0.001691992090101004|0.0039034490216747534|-0.0025885385971841203|-0.0020086045983444974]],
time_start,1628435139.2954853,matrix_w_pre,[[-0.00019374779754036472|0.0032056116734298966|-0.0008105178444033443|-0.0013107040143567085]|[-0.0007598290088188117|-0.0015087325441751676|0.0007729638128196868|0.002088817136376381]|[0.0001431572100592502|-0.00044435202140488596|0.002186087727390058|-0.0008418979990815045]|[0.0017941683946231552|9.171766643019888e-05|-0.0016290828948844808|0.0007520605770291301]],process_time,0,matrix_w,[[-0.00019374779754036472|0.0032056116734298966|-0.0008105178444033443|-0.0013107040143567085]|[-0.0007598290088188117|-0.0015087325441751676|0.0007729638128196868|0.002088817136376381]|[0.0001431572100592502|-0.00044435202140488596|0.002186087727390058|-0.0008418979990815045]|[0.0017941683946231552|9.171766643019888e-05|-0.0016290828948844808|0.0007520605770291301]],
time_start,1628435147.3055444,matrix_w_pre,[[-0.0025637766644650574|0.0008201996775104975|0.0021013881931023614|-0.0003720545575498792]|[-0.0005308588289397491|-0.002018486274654553|0.0008552037759443409|0.0003580915417395666]|[-0.00032165834847133046|-0.0006734383511069399|0.0024620802103379807|-0.0006129191525726038]|[0.002088395087744198|-0.0006304775489734615|-0.0013582811618792605|-0.001530244315011527]],process_time,0,matrix_w,[[-0.0025637766644650574|0.0008201996775104975|0.0021013881931023614|-0.0003720545575498792]|[-0.0005308588289397491|-0.002018486274654553|0.0008552037759443409|0.0003580915417395666]|[-0.00032165834847133046|-0.0006734383511069399|0.0024620802103379807|-0.0006129191525726038]|[0.002088395087744198|-0.0006304775489734615|-0.0013582811618792605|-0.001530244315011527]],
time_start,1628435155.792553,matrix_w_pre,[[-0.003431904648513359|0.0020782965568086746|-0.002878072781920741|0.0037294303752686475]|[-0.0003978861925993433|0.0021068262965356814|-0.00021058578048553664|0.0003163842290477061]|[0.0010437430775310558|-0.001694135466342993|0.0025675809104502337|-0.0029689871953175323]|[0.00042527529951708753|0.0015789303859545716|-0.001987941734198227|-5.852725010851223e-05]],process_time,0,matrix_w,[[-0.003431904648513359|0.0020782965568086746|-0.002878072781920741|0.0037294303752686475]|[-0.0003978861925993433|0.0021068262965356814|-0.00021058578048553664|0.0003163842290477061]|[0.0010437430775310558|-0.001694135466342993|0.0025675809104502337|-0.0029689871953175323]|[0.00042527529951708753|0.0015789303859545716|-0.001987941734198227|-5.852725010851223e-05]],
time_start,1628435164.2324603,matrix_w_pre,[[-0.0005119884633726927|0.0026843026265292247|-0.0004203889206619531|-0.000961215173558956]|[0.0017298136055562026|-0.00039199943626635624|0.0030950748509753346|-0.0032544487348887003]|[-0.00048298696669672297|0.0017508526543210422|-0.004321272243676191|0.0014822733763011876]|[-0.0021679409570276474|0.0001434620681565064|0.00024616059785838475|-7.89159154951791e-06]],process_time,0,matrix_w,[[-0.0005119884633726927|0.0026843026265292247|-0.0004203889206619531|-0.000961215173558956]|[0.0017298136055562026|-0.00039199943626635624|0.0030950748509753346|-0.0032544487348887003]|[-0.00048298696669672297|0.0017508526543210422|-0.004321272243676191|0.0014822733763011876]|[-0.0021679409570276474|0.0001434620681565064|0.00024616059785838475|-7.89159154951791e-06]],
time_start,1628435172.9001784,matrix_w_pre,[[0.0008931429751276639|-0.009172260161923717|0.021890692505747777|-0.015487141656708255]|[-0.0021090332928027965|-0.0004988962186488267|0.0021985404003421827|-0.0013399851328859498]|[-0.00010451954629031213|0.006605815211784618|-0.014782808607439676|0.00860664600565688]|[-0.0002745316534502597|0.006857818241501059|-0.021507380381273346|0.01524259484794316]],process_time,0,matrix_w,[[0.0008931429751276639|-0.009172260161923717|0.021890692505747777|-0.015487141656708255]|[-0.0021090332928027965|-0.0004988962186488267|0.0021985404003421827|-0.0013399851328859498]|[-0.00010451954629031213|0.006605815211784618|-0.014782808607439676|0.00860664600565688]|[-0.0002745316534502597|0.006857818241501059|-0.021507380381273346|0.01524259484794316]],
time_start,1628435182.4517803,matrix_w_pre,[[0.0007708759051905525|-6.602766853345557e-05|0.0002681855070759478|-0.0020269331235728927]|[-0.0007289429460998085|0.0025932264009125372|-0.0018506700061744746|0.0010136924967064493]|[0.0005359961406874075|-0.0007156791697580121|0.0027029435873859417|-0.002100287815411135]|[-0.0021152480988086996|5.951395865361954e-05|0.00011799507305019915|0.0002102994168567742]],process_time,0,matrix_w,[[0.0007708759051905525|-6.602766853345557e-05|0.0002681855070759478|-0.0020269331235728927]|[-0.0007289429460998085|0.0025932264009125372|-0.0018506700061744746|0.0010136924967064493]|[0.0005359961406874075|-0.0007156791697580121|0.0027029435873859417|-0.002100287815411135]|[-0.0021152480988086996|5.951395865361954e-05|0.00011799507305019915|0.0002102994168567742]],
time_start,1628435190.972899,matrix_w_pre,[[-0.002124571733121168|0.0010224522092229372|0.0014605737777918168|-0.0004213755645532921]|[0.0008893716506453507|-0.002132983340924551|0.002792558249281321|-0.002282831914238974]|[-0.0007319625071078425|-0.002722081715811685|0.005010064332127404|-0.0006933784876423182]|[0.0013058941243479759|0.0017269712696514653|-0.0006705564120530451|-0.0016337258028056747]],process_time,0,matrix_w,[[-0.002124571733121168|0.0010224522092229372|0.0014605737777918168|-0.0004213755645532921]|[0.0008893716506453507|-0.002132983340924551|0.002792558249281321|-0.002282831914238974]|[-0.0007319625071078425|-0.002722081715811685|0.005010064332127404|-0.0006933784876423182]|[0.0013058941243479759|0.0017269712696514653|-0.0006705564120530451|-0.0016337258028056747]],
time_start,1628435198.9785552,matrix_w_pre,[[0.0004336204550172488|-0.0010771093973170826|0.005170228266269733|-0.005798407005130671]|[0.002315432074624302|0.0007565959818026822|-0.012599623619938787|0.011514247710100215]|[0.0011879283114551457|0.0028586760963372313|-0.0095960106430415|0.00670688682571574]|[0.003568861333554133|0.0027437677732917664|-0.011318978847321116|0.008437332656961324]],process_time,0,matrix_w,[[0.0004336204550172488|-0.0010771093973170826|0.005170228266269733|-0.005798407005130671]|[0.002315432074624302|0.0007565959818026822|-0.012599623619938787|0.011514247710100215]|[0.0011879283114551457|0.0028586760963372313|-0.0095960106430415|0.00670688682571574]|[0.003568861333554133|0.0027437677732917664|-0.011318978847321116|0.008437332656961324]],
time_start,1628435207.2964382,matrix_w_pre,[[-0.003017267545940695|0.005946120776689075|0.005313215945666563|-0.00600952823637309]|[0.0015512783306495584|0.0014226460778355063|0.0019871683580935905|-0.003135505041576756]|[0.0046346060572933796|-0.009045150528030134|-0.00550918946519277|0.006166170756975054]|[-0.0010276195686143208|-0.00010805329963465727|0.0019310653199940907|0.0004800607650006968]],process_time,0,matrix_w,[[-0.003017267545940695|0.005946120776689075|0.005313215945666563|-0.00600952823637309]|[0.0015512783306495584|0.0014226460778355063|0.0019871683580935905|-0.003135505041576756]|[0.0046346060572933796|-0.009045150528030134|-0.00550918946519277|0.006166170756975054]|[-0.0010276195686143208|-0.00010805329963465727|0.0019310653199940907|0.0004800607650006968]],
time_start,1628435215.626213,matrix_w_pre,[[0.0012098495481836053|0.0004213510531394275|-0.00137014051964532|0.0008003849374479177]|[-0.001092335137274126|0.00019715106568825227|-0.001369958365295829|0.001499668351600257]|[-0.0003162943985872522|-0.0009702473440366059|0.000723903532441157|0.001531610521671689]|[-0.0018636863041390883|0.002409775791481088|-0.00013435044900845437|-0.0002604216210532433]],process_time,0,matrix_w,[[0.0012098495481836053|0.0004213510531394275|-0.00137014051964532|0.0008003849374479177]|[-0.001092335137274126|0.00019715106568825227|-0.001369958365295829|0.001499668351600257]|[-0.0003162943985872522|-0.0009702473440366059|0.000723903532441157|0.001531610521671689]|[-0.0018636863041390883|0.002409775791481088|-0.00013435044900845437|-0.0002604216210532433]],
time_start,1628435223.5989957,matrix_w_pre,[[-0.0021894489768597442|-0.002232534755567897|0.0018508688502088604|0.0007575760656494269]|[-0.00034495835089620735|0.0036703183578274483|-0.001618025263015675|-0.0002523028359293472]|[0.00018037658168146888|-0.0012929396703368998|-9.485779553666035e-05|0.001903625462577053]|[-0.0003926223638065579|-0.004101679616963019|0.004074903732058856|0.0004139905154351915]],process_time,0,matrix_w,[[-0.0021894489768597442|-0.002232534755567897|0.0018508688502088604|0.0007575760656494269]|[-0.00034495835089620735|0.0036703183578274483|-0.001618025263015675|-0.0002523028359293472]|[0.00018037658168146888|-0.0012929396703368998|-9.485779553666035e-05|0.001903625462577053]|[-0.0003926223638065579|-0.004101679616963019|0.004074903732058856|0.0004139905154351915]],
time_start,1628435231.5560262,matrix_w_pre,[[-0.0034292946952625917|0.011596588219941183|-0.009835527011084118|-0.0015989634637796272]|[0.007991532584413541|-0.01668296909209258|0.011009139523141347|0.0022120874007707783]|[-0.007957138343359394|0.024080761484803502|-0.016041991349609305|-0.0039445620008866636]|[0.0007380871979534708|0.0027551362686651522|-0.0009124773698924847|-0.002732065696919728]],process_time,0,matrix_w,[[-0.0034292946952625917|0.011596588219941183|-0.009835527011084118|-0.0015989634637796272]|[0.007991532584413541|-0.01668296909209258|0.011009139523141347|0.0022120874007707783]|[-0.007957138343359394|0.024080761484803502|-0.016041991349609305|-0.0039445620008866636]|[0.0007380871979534708|0.0027551362686651522|-0.0009124773698924847|-0.002732065696919728]],
time_start,1628435239.4015727,matrix_w_pre,[[0.0005766240419543434|0.0019804849243457694|-0.00085529157380809|-0.00040795961926850583]|[0.0010177358898596264|-0.0013635160372086543|-0.001921295847327964|0.0012081243984609022]|[0.002050606118642229|-0.001737579115853604|0.0004888692890732091|-0.0002111588620927498]|[-0.0011269462286649856|-0.0010795212355365607|-0.00016781088082762984|0.0025610925169701707]],process_time,0,matrix_w,[[0.0005766240419543434|0.0019804849243457694|-0.00085529157380809|-0.00040795961926850583]|[0.0010177358898596264|-0.0013635160372086543|-0.001921295847327964|0.0012081243984609022]|[0.002050606118642229|-0.001737579115853604|0.0004888692890732091|-0.0002111588620927498]|[-0.0011269462286649856|-0.0010795212355365607|-0.00016781088082762984|0.0025610925169701707]],
time_start,1628435247.2024877,matrix_w_pre,[[-0.0014858092776063386|-0.0007115805581043372|0.0024857309060176973|-0.0009373673541504252]|[-0.0002936014899571126|-0.0028554820273843347|0.0017619515316578788|0.002400916114622929]|[0.0028446544192931213|-0.0010750054037493243|-0.002722106083054956|0.0003812190664905182]|[-0.0019572325105971207|-0.0019060986290558883|0.0007004560119072712|0.0027150324278357885]],process_time,0,matrix_w,[[-0.0014858092776063386|-0.0007115805581043372|0.0024857309060176973|-0.0009373673541504252]|[-0.0002936014899571126|-0.0028554820273843347|0.0017619515316578788|0.002400916114622929]|[0.0028446544192931213|-0.0010750054037493243|-0.002722106083054956|0.0003812190664905182]|[-0.0019572325105971207|-0.0019060986290558883|0.0007004560119072712|0.0027150324278357885]],
time_start,1628435256.3470175,matrix_w_pre,[[-0.0020317501316796977|0.002273372821460713|-0.002257744022829438|0.0017045581422219294]|[-0.00020225657770845033|-0.0006210423438340546|0.0002774060933920688|0.0018276728321577726]|[-0.0002764579579939214|-0.003983663771070923|0.004194408795927044|-0.0022050067936779365]|[-0.0015871982440849514|-0.0007323269926333154|0.00335676805317723|-0.0023073453567375103]],process_time,0,matrix_w,[[-0.0020317501316796977|0.002273372821460713|-0.002257744022829438|0.0017045581422219294]|[-0.00020225657770845033|-0.0006210423438340546|0.0002774060933920688|0.0018276728321577726]|[-0.0002764579579939214|-0.003983663771070923|0.004194408795927044|-0.0022050067936779365]|[-0.0015871982440849514|-0.0007323269926333154|0.00335676805317723|-0.0023073453567375103]],
time_start,1628435264.401139,matrix_w_pre,[[0.001973744076435502|-0.0012178558723701727|0.00021957477505023305|-0.001866302353495585]|[0.0007857685531947451|0.0015292633565300781|-0.0016386295950229814|-0.00014775058715198598]|[-0.0028881592016656013|0.00168530917283375|-4.2016713310009243e-05|0.00014585520948140465]|[0.0011794740969077776|-0.0005218070088842981|-0.002077045462304398|0.0010120045770841287]],process_time,0,matrix_w,[[0.001973744076435502|-0.0012178558723701727|0.00021957477505023305|-0.001866302353495585]|[0.0007857685531947451|0.0015292633565300781|-0.0016386295950229814|-0.00014775058715198598]|[-0.0028881592016656013|0.00168530917283375|-4.2016713310009243e-05|0.00014585520948140465]|[0.0011794740969077776|-0.0005218070088842981|-0.002077045462304398|0.0010120045770841287]],
time_start,1628435272.3223183,matrix_w_pre,[[-0.0008288582138716746|0.0028506598817859934|0.0004089236221990083|-0.002164882639447935]|[0.002705856425154496|-0.002062459861891108|-0.0011157867634848727|0.0017873877772068606]|[-0.0002196722711770313|0.0006244968106574328|-0.0034442290790831277|0.0020297918838866414]|[-0.0005093683803621219|0.0003081745273564268|-0.001812124284554416|0.002943464030908412]],process_time,0,matrix_w,[[-0.0008288582138716746|0.0028506598817859934|0.0004089236221990083|-0.002164882639447935]|[0.002705856425154496|-0.002062459861891108|-0.0011157867634848727|0.0017873877772068606]|[-0.0002196722711770313|0.0006244968106574328|-0.0034442290790831277|0.0020297918838866414]|[-0.0005093683803621219|0.0003081745273564268|-0.001812124284554416|0.002943464030908412]],
time_start,1628435280.2421591,matrix_w_pre,[[0.00017805299577112064|0.0022812514424090085|-0.0024833176786227006|0.0013391254456898316]|[0.002050680729337489|-0.002164972977540051|0.007770233866825161|-0.009560197399088909]|[0.004007380773863379|-0.00445957329172252|0.0108490561110773|-0.011525587760051963]|[-0.0010081137378682796|0.0004609738201663573|0.0027654520122821465|-0.0017224890821691352]],process_time,0,matrix_w,[[0.00017805299577112064|0.0022812514424090085|-0.0024833176786227006|0.0013391254456898316]|[0.002050680729337489|-0.002164972977540051|0.007770233866825161|-0.009560197399088909]|[0.004007380773863379|-0.00445957329172252|0.0108490561110773|-0.011525587760051963]|[-0.0010081137378682796|0.0004609738201663573|0.0027654520122821465|-0.0017224890821691352]],
time_start,1628435288.4951813,matrix_w_pre,[[0.0010722463810348244|0.010318824612898967|-0.010385097278970377|-0.0004448071600444053]|[-0.0002463869292505143|0.009035347391488929|-0.00795057109383003|-0.001413129706061707]|[0.0011244007404473805|-0.005582943270037137|0.004086557284254355|-0.000668808615987502]|[0.0010343805218447294|-1.703210664255874e-05|0.0011954027671296343|-0.0016332605475399128]],process_time,0,matrix_w,[[0.0010722463810348244|0.010318824612898967|-0.010385097278970377|-0.0004448071600444053]|[-0.0002463869292505143|0.009035347391488929|-0.00795057109383003|-0.001413129706061707]|[0.0011244007404473805|-0.005582943270037137|0.004086557284254355|-0.000668808615987502]|[0.0010343805218447294|-1.703210664255874e-05|0.0011954027671296343|-0.0016332605475399128]],
time_start,1628435296.6336346,matrix_w_pre,[[-0.0021839570802504875|-0.0005672051049661536|0.0018862758576938543|0.00033155270819098723]|[0.0016911599545916694|-0.002084348329839953|-0.0011710378598620396|0.002079074368749066]|[-0.00011228206918213901|-0.0006508538632247808|0.0025958114008405968|-0.00019230747328662396]|[-0.00024938361763251235|4.801415620495251e-05|0.0014035676106296962|-0.002084279843246646]],process_time,0,matrix_w,[[-0.0021839570802504875|-0.0005672051049661536|0.0018862758576938543|0.00033155270819098723]|[0.0016911599545916694|-0.002084348329839953|-0.0011710378598620396|0.002079074368749066]|[-0.00011228206918213901|-0.0006508538632247808|0.0025958114008405968|-0.00019230747328662396]|[-0.00024938361763251235|4.801415620495251e-05|0.0014035676106296962|-0.002084279843246646]],
time_start,1628435304.5395727,matrix_w_pre,[[-0.0002675615176554919|0.002731184091875841|-0.0005307857270672459|-0.0018045255852515967]|[0.0014029366097080874|0.0007227381312795419|-0.0006837836650402171|-0.002084096741250174]|[0.0015565642433328052|-0.0003931783480122015|-0.0017068483334528504|0.0008467109937056262]|[0.000775230668990387|-6.821688382908827e-05|0.0016492687411367145|-0.0006644356839738443]],process_time,0,matrix_w,[[-0.0002675615176554919|0.002731184091875841|-0.0005307857270672459|-0.0018045255852515967]|[0.0014029366097080874|0.0007227381312795419|-0.0006837836650402171|-0.002084096741250174]|[0.0015565642433328052|-0.0003931783480122015|-0.0017068483334528504|0.0008467109937056262]|[0.000775230668990387|-6.821688382908827e-05|0.0016492687411367145|-0.0006644356839738443]],
time_start,1628435313.301757,matrix_w_pre,[[0.01214375045857083|-0.008435182242006756|0.021651103795323815|-0.02017651026963624]|[-0.0005550753400085725|0.00039324863315067573|0.003788025595468301|-0.002506271453605232]|[0.00020036396126433422|0.0028245877665602276|-0.00034969172914221363|-0.002352557791153268]|[0.008641115644543299|-0.004988628682020921|0.018277826615453307|-0.018922496041964103]],process_time,0,matrix_w,[[0.01214375045857083|-0.008435182242006756|0.021651103795323815|-0.02017651026963624]|[-0.0005550753400085725|0.00039324863315067573|0.003788025595468301|-0.002506271453605232]|[0.00020036396126433422|0.0028245877665602276|-0.00034969172914221363|-0.002352557791153268]|[0.008641115644543299|-0.004988628682020921|0.018277826615453307|-0.018922496041964103]],
time_start,1628435321.2334332,matrix_w_pre,[[0.0032609742066945662|-0.00016479730612214315|0.0020528867575439224|-0.0034218269050345492]|[0.0018923487629361425|-0.003161540100350348|0.0008368593786749024|0.0010626163166602357]|[-0.003967716375364082|0.000718132201553673|0.00027508891256297234|0.001348289234958133]|[0.003026829004430973|0.0005597422791866572|-0.00013183546940630936|-0.0038184537876276257]],process_time,0,matrix_w,[[0.0032609742066945662|-0.00016479730612214315|0.0020528867575439224|-0.0034218269050345492]|[0.0018923487629361425|-0.003161540100350348|0.0008368593786749024|0.0010626163166602357]|[-0.003967716375364082|0.000718132201553673|0.00027508891256297234|0.001348289234958133]|[0.003026829004430973|0.0005597422791866572|-0.00013183546940630936|-0.0038184537876276257]],
time_start,1628435329.3367758,matrix_w_pre,[[-0.0013841841169903479|-0.0010410515380886057|0.0006811445653080914|0.0016981187681494186]|[-0.001060935759286876|0.0017228036430267917|-0.0005768875486006725|0.0006101327632085125]|[0.0008139297407966381|-0.0009642093903671916|-0.002619162230418175|0.001068422957914294]|[0.0037510474123291036|-0.0006928169396703208|-0.0024105811111676096|-9.561479897673653e-05]],process_time,0,matrix_w,[[-0.0013841841169903479|-0.0010410515380886057|0.0006811445653080914|0.0016981187681494186]|[-0.001060935759286876|0.0017228036430267917|-0.0005768875486006725|0.0006101327632085125]|[0.0008139297407966381|-0.0009642093903671916|-0.002619162230418175|0.001068422957914294]|[0.0037510474123291036|-0.0006928169396703208|-0.0024105811111676096|-9.561479897673653e-05]],
time_start,1628435337.6349065,matrix_w_pre,[[-0.009186299815059256|0.006078629782393655|-0.005100562438629291|0.006407633982272761]|[0.0017707758819252434|0.0012814257296662104|-0.000950073647602175|-0.0012967897762811193]|[0.0027226137041553413|-0.0032267937138420353|0.0025406349874102967|-0.00017896390916767292]|[-0.007925130577974839|0.005440366885363729|-0.006695946371851829|0.006043986553393488]],process_time,0,matrix_w,[[-0.009186299815059256|0.006078629782393655|-0.005100562438629291|0.006407633982272761]|[0.0017707758819252434|0.0012814257296662104|-0.000950073647602175|-0.0012967897762811193]|[0.0027226137041553413|-0.0032267937138420353|0.0025406349874102967|-0.00017896390916767292]|[-0.007925130577974839|0.005440366885363729|-0.006695946371851829|0.006043986553393488]],
time_start,1628435345.7035723,matrix_w_pre,[[0.0007952000778480655|-0.007234260594054471|0.005943106490320831|0.0015910445228039427]|[-0.0003456600235352057|0.0031940863316842656|-0.002338097522933083|-0.0026496198923254455]|[0.0024910583509306495|0.010854009953555836|-0.013741675874673462|-0.0024820050321613424]|[0.003367505508790487|0.009448369767821574|-0.010724734746513588|-0.0041220493840439755]],process_time,0,matrix_w,[[0.0007952000778480655|-0.007234260594054471|0.005943106490320831|0.0015910445228039427]|[-0.0003456600235352057|0.0031940863316842656|-0.002338097522933083|-0.0026496198923254455]|[0.0024910583509306495|0.010854009953555836|-0.013741675874673462|-0.0024820050321613424]|[0.003367505508790487|0.009448369767821574|-0.010724734746513588|-0.0041220493840439755]],
time_start,1628435353.6016517,matrix_w_pre,[[0.0016867466203210788|0.002825155646973907|0.0012544752366203049|-0.004131808248349735]|[0.003091304748010033|0.004365414837657239|-0.0013567528633620634|-0.0064791005375145275]|[-0.0008636978095609787|-0.005505580529427305|0.0005475438654690107|0.004677026952099074]|[0.0033865792327408464|0.00040291575510283237|-0.0017829923778771503|-0.0016397132619312912]],process_time,0,matrix_w,[[0.0016867466203210788|0.002825155646973907|0.0012544752366203049|-0.004131808248349735]|[0.003091304748010033|0.004365414837657239|-0.0013567528633620634|-0.0064791005375145275]|[-0.0008636978095609787|-0.005505580529427305|0.0005475438654690107|0.004677026952099074]|[0.0033865792327408464|0.00040291575510283237|-0.0017829923778771503|-0.0016397132619312912]],
time_start,1628435361.8993578,matrix_w_pre,[[0.00029856798624104853|-0.0013871937957595276|0.0015315000403473378|-0.0012917962122428943]|[0.000979506171834648|-0.0012924146693391945|-0.00237192491183689|0.0015578250458154975]|[-0.0005216853520194607|0.0013160722307206199|0.00026018679812830366|-0.0018864895680725353]|[0.002121716265787268|0.00026184476929799093|-0.0009388699386323387|-0.0011425389997089502]],process_time,0,matrix_w,[[0.00029856798624104853|-0.0013871937957595276|0.0015315000403473378|-0.0012917962122428943]|[0.000979506171834648|-0.0012924146693391945|-0.00237192491183689|0.0015578250458154975]|[-0.0005216853520194607|0.0013160722307206199|0.00026018679812830366|-0.0018864895680725353]|[0.002121716265787268|0.00026184476929799093|-0.0009388699386323387|-0.0011425389997089502]],
time_start,1628435369.9796543,matrix_w_pre,[[0.0018665117305196519|0.009561663616745722|-0.011982443728344082|0.002220324749272652]|[0.0039563903952496045|0.008385199278513687|-0.010658046431522602|0.0015367456959320292]|[-0.0012089399228755664|-0.008683719819057875|0.008262419756429513|-0.0014085417658668033]|[0.0014701185160099414|0.0033855063463099225|-0.002729777933636581|-0.0014547346064811462]],process_time,0,matrix_w,[[0.0018665117305196519|0.009561663616745722|-0.011982443728344082|0.002220324749272652]|[0.0039563903952496045|0.008385199278513687|-0.010658046431522602|0.0015367456959320292]|[-0.0012089399228755664|-0.008683719819057875|0.008262419756429513|-0.0014085417658668033]|[0.0014701185160099414|0.0033855063463099225|-0.002729777933636581|-0.0014547346064811462]],
time_start,1628435380.0023534,matrix_w_pre,[[-0.006169139853525206|0.005113756438187364|0.0005031817685104643|0.005300479383729735]|[-0.004055319300790023|0.001829189684971204|0.0023698495841737834|0.0007295143261122724]|[-0.008929777937098347|0.009982135017464668|-0.002204564419295526|0.007232782809332793]|[0.004015068209652425|-0.005536641206565608|-0.000142397094355606|-0.00204788577845216]],process_time,0,matrix_w,[[-0.006169139853525206|0.005113756438187364|0.0005031817685104643|0.005300479383729735]|[-0.004055319300790023|0.001829189684971204|0.0023698495841737834|0.0007295143261122724]|[-0.008929777937098347|0.009982135017464668|-0.002204564419295526|0.007232782809332793]|[0.004015068209652425|-0.005536641206565608|-0.000142397094355606|-0.00204788577845216]],
time_start,1628435388.4012725,matrix_w_pre,[[0.0029738391981772743|-0.0009196271419396943|0.00032295459867907444|-0.004614982685521646]|[0.005056953027607516|-0.0015752367920597978|-1.623405967613567e-05|-0.004580557782181299]|[-0.00016475121743570741|-2.117819145935167e-05|-0.0021821166967420967|0.0013826946502872954]|[0.000326325008533215|0.0018655637082288707|-0.0008144222002493917|-0.0002783449676628074]],process_time,0,matrix_w,[[0.0029738391981772743|-0.0009196271419396943|0.00032295459867907444|-0.004614982685521646]|[0.005056953027607516|-0.0015752367920597978|-1.623405967613567e-05|-0.004580557782181299]|[-0.00016475121743570741|-2.117819145935167e-05|-0.0021821166967420967|0.0013826946502872954]|[0.000326325008533215|0.0018655637082288707|-0.0008144222002493917|-0.0002783449676628074]],
time_start,1628435397.428728,matrix_w_pre,[[0.00033768796487920896|0.0031223698477848695|-0.00030855688515324284|-0.004743429090502861]|[-0.0016998157427363099|0.0017985019017649072|-0.0005684664485173501|-0.0008153516346126015]|[0.0011234738865048657|0.004357739677395507|-0.0015133153288662978|-0.00414355830818207]|[0.0013104796784192204|-0.0016075924243533772|-0.0017004936910312673|0.0015658257593102454]],process_time,0,matrix_w,[[0.00033768796487920896|0.0031223698477848695|-0.00030855688515324284|-0.004743429090502861]|[-0.0016998157427363099|0.0017985019017649072|-0.0005684664485173501|-0.0008153516346126015]|[0.0011234738865048657|0.004357739677395507|-0.0015133153288662978|-0.00414355830818207]|[0.0013104796784192204|-0.0016075924243533772|-0.0017004936910312673|0.0015658257593102454]],
time_start,1628435405.7702165,matrix_w_pre,[[0.001469352545281643|0.0016606062015934167|-0.0007271466763372473|-0.0015936189855605]|[0.0013390070893041569|-0.00027936852275840725|-0.0002789401794058583|-0.0015628420654412408]|[0.0011486245015322261|-0.00041499343435117656|-0.0024543511476203955|0.0006826889036748758]|[0.002526265598392056|-0.000946519116412459|-0.0013447288716262682|0.0008870909595002074]],process_time,0,matrix_w,[[0.001469352545281643|0.0016606062015934167|-0.0007271466763372473|-0.0015936189855605]|[0.0013390070893041569|-0.00027936852275840725|-0.0002789401794058583|-0.0015628420654412408]|[0.0011486245015322261|-0.00041499343435117656|-0.0024543511476203955|0.0006826889036748758]|[0.002526265598392056|-0.000946519116412459|-0.0013447288716262682|0.0008870909595002074]],
time_start,1628435414.5007145,matrix_w_pre,[[0.0033188261416330525|-0.0015228269582973975|-0.0018607890426165688|0.00018239178090727768]|[-0.0004751390745240447|-0.0002807284467632493|0.003398390457729307|-0.0018093232890376996]|[0.002156749727189971|-0.0029281382897821074|-0.0021731094688066167|0.003763431150683462]|[0.0032190434099487364|-0.004972902070457814|-0.0014700504438952967|0.0022640610243964514]],process_time,0,matrix_w,[[0.0033188261416330525|-0.0015228269582973975|-0.0018607890426165688|0.00018239178090727768]|[-0.0004751390745240447|-0.0002807284467632493|0.003398390457729307|-0.0018093232890376996]|[0.002156749727189971|-0.0029281382897821074|-0.0021731094688066167|0.003763431150683462]|[0.0032190434099487364|-0.004972902070457814|-0.0014700504438952967|0.0022640610243964514]],
time_start,1628435422.5440998,matrix_w_pre,[[-0.0007013267025877685|2.4308538705003615e-05|-0.00020548007478184236|0.0018122672562315104]|[-0.0023417115696562924|0.0007431255203308665|0.00022401158926735532|-0.000346734803481538]|[-0.00020753113631320885|0.0024772338974646075|-0.0012107912401257924|-0.0004145038761553706]|[0.0013819752803590634|-6.392206991059657e-05|-0.002582482322160771|0.0013313737488296867]],process_time,0,matrix_w,[[-0.0007013267025877685|2.4308538705003615e-05|-0.00020548007478184236|0.0018122672562315104]|[-0.0023417115696562924|0.0007431255203308665|0.00022401158926735532|-0.000346734803481538]|[-0.00020753113631320885|0.0024772338974646075|-0.0012107912401257924|-0.0004145038761553706]|[0.0013819752803590634|-6.392206991059657e-05|-0.002582482322160771|0.0013313737488296867]],
time_start,1628435431.2166724,matrix_w_pre,[[-0.0009626201065980643|-2.603536031096619e-05|-0.0020436329045972475|0.0036981205773311382]|[-0.0006017268850242619|0.0032134349950379963|-0.0019260599149361751|0.0005505149721547214]|[0.0028369091529222004|-0.00111091884216367|0.0013663926747562929|-0.0018288360904011086]|[-0.0010323747409015007|-0.0008829617561479817|0.0037616803713361453|-0.002235171563910777]],process_time,0,matrix_w,[[-0.0009626201065980643|-2.603536031096619e-05|-0.0020436329045972475|0.0036981205773311382]|[-0.0006017268850242619|0.0032134349950379963|-0.0019260599149361751|0.0005505149721547214]|[0.0028369091529222004|-0.00111091884216367|0.0013663926747562929|-0.0018288360904011086]|[-0.0010323747409015007|-0.0008829617561479817|0.0037616803713361453|-0.002235171563910777]],
time_start,1628435439.2348018,matrix_w_pre,[[-0.0034286066867577395|-0.0020663016068686456|0.0055454055062002855|-2.9759174749735255e-05]|[0.004212437337668898|0.00249486160626138|-0.0033012295513004295|-0.0015223590426211224]|[0.0005949889183852172|0.0030271856719445976|-0.0028294782014648043|0.00015222960851031737]|[0.00038125576963825406|-0.002030302381830569|-0.00046099036217062237|0.002255193455446405]],process_time,0,matrix_w,[[-0.0034286066867577395|-0.0020663016068686456|0.0055454055062002855|-2.9759174749735255e-05]|[0.004212437337668898|0.00249486160626138|-0.0033012295513004295|-0.0015223590426211224]|[0.0005949889183852172|0.0030271856719445976|-0.0028294782014648043|0.00015222960851031737]|[0.00038125576963825406|-0.002030302381830569|-0.00046099036217062237|0.002255193455446405]],
time_start,1628435448.6971054,matrix_w_pre,[[-0.0010835581727101822|0.00028293953092000984|0.002149930155579909|-3.411190655713716e-05]|[0.0024066614894970332|-0.0009177821380449065|6.158492922657044e-05|-0.0005834238882678533]|[0.0006437853264875019|0.0004465947950559582|-0.000625383950953588|-0.0022979274944736573]|[-0.0003690317222134172|-0.0024028210742926925|0.002227290933469252|0.0014424911668674495]],process_time,0,matrix_w,[[-0.0010835581727101822|0.00028293953092000984|0.002149930155579909|-3.411190655713716e-05]|[0.0024066614894970332|-0.0009177821380449065|6.158492922657044e-05|-0.0005834238882678533]|[0.0006437853264875019|0.0004465947950559582|-0.000625383950953588|-0.0022979274944736573]|[-0.0003690317222134172|-0.0024028210742926925|0.002227290933469252|0.0014424911668674495]],
time_start,1628435457.0333645,matrix_w_pre,[[0.0006351559714942637|-0.0034378381962384768|-0.0008566648859533205|0.002719693701657646]|[-0.0023421299588566014|0.0007043028787757094|0.001102247969087767|-0.0008412593718581459]|[0.0006329973615751196|-0.001034994760969015|-0.002959347889364298|0.001765508101029878]|[0.000281584036777943|0.0016450806898065523|0.0014961360195210722|-0.00334329092733065]],process_time,0,matrix_w,[[0.0006351559714942637|-0.0034378381962384768|-0.0008566648859533205|0.002719693701657646]|[-0.0023421299588566014|0.0007043028787757094|0.001102247969087767|-0.0008412593718581459]|[0.0006329973615751196|-0.001034994760969015|-0.002959347889364298|0.001765508101029878]|[0.000281584036777943|0.0016450806898065523|0.0014961360195210722|-0.00334329092733065]],
time_start,1628435465.5300875,matrix_w_pre,[[-0.00032830972022937776|0.0022042610642095655|-0.0003517574846656802|-0.0002675335735543009]|[0.00019780336759349116|0.0011433220105808173|-4.99219781730824e-05|-0.0018193636011755454]|[0.002006718990150714|-5.1769840407833946e-05|-0.00033142001744222656|6.331816316075481e-05]|[0.00016881297403111378|-0.0002157817691342546|-0.0021306532254762784|0.0009705319582899214]],process_time,0,matrix_w,[[-0.00032830972022937776|0.0022042610642095655|-0.0003517574846656802|-0.0002675335735543009]|[0.00019780336759349116|0.0011433220105808173|-4.99219781730824e-05|-0.0018193636011755454]|[0.002006718990150714|-5.1769840407833946e-05|-0.00033142001744222656|6.331816316075481e-05]|[0.00016881297403111378|-0.0002157817691342546|-0.0021306532254762784|0.0009705319582899214]],
time_start,1628435475.1037214,matrix_w_pre,[[-0.00020343570236333215|0.0010862559602494346|0.0017465411202252012|-0.0017577753800454617]|[-0.00020025759046364566|-0.0007887175566266933|0.0016063578960690706|-0.0017215215265917207]|[-0.00015323674686722947|-0.0015624362608073691|0.001320741754077047|0.0008170152183534368]|[-0.0023584323655159154|0.0013348199072240059|0.0016162921028626599|-0.001632075772426044]],process_time,0,matrix_w,[[-0.00020343570236333215|0.0010862559602494346|0.0017465411202252012|-0.0017577753800454617]|[-0.00020025759046364566|-0.0007887175566266933|0.0016063578960690706|-0.0017215215265917207]|[-0.00015323674686722947|-0.0015624362608073691|0.001320741754077047|0.0008170152183534368]|[-0.0023584323655159154|0.0013348199072240059|0.0016162921028626599|-0.001632075772426044]],
time_start,1628435484.6973891,matrix_w_pre,[[0.0030706651833550956|9.272054074971025e-05|-0.002361495740894905|-8.375090112085289e-05]|[0.0006599982678029364|-0.0013402074035417755|0.0017523860288719895|-0.0011815218731193867]|[-0.001316822915424253|0.0020751770766142177|0.0007951040422076528|-0.00014665637567892647]|[0.0010151980854487103|0.0002714704210509594|-0.0006589322832536398|-0.001764078652111172]],process_time,0,matrix_w,[[0.0030706651833550956|9.272054074971025e-05|-0.002361495740894905|-8.375090112085289e-05]|[0.0006599982678029364|-0.0013402074035417755|0.0017523860288719895|-0.0011815218731193867]|[-0.001316822915424253|0.0020751770766142177|0.0007951040422076528|-0.00014665637567892647]|[0.0010151980854487103|0.0002714704210509594|-0.0006589322832536398|-0.001764078652111172]],
time_start,1628435492.9974174,matrix_w_pre,[[-0.002439573053251549|0.0006367556404394107|-8.171344656597426e-05|0.00023935126224078064]|[-0.0019079879331278544|0.003784197241557048|-0.0012400729214646171|-0.002231836003351744]|[-0.0008695496793277865|0.0019490799919736463|5.679157124392846e-05|-0.0034194924271327212]|[0.0016247142165369416|-0.0017156380075079136|-0.002049364037291301|0.0026759374332860847]],process_time,0,matrix_w,[[-0.002439573053251549|0.0006367556404394107|-8.171344656597426e-05|0.00023935126224078064]|[-0.0019079879331278544|0.003784197241557048|-0.0012400729214646171|-0.002231836003351744]|[-0.0008695496793277865|0.0019490799919736463|5.679157124392846e-05|-0.0034194924271327212]|[0.0016247142165369416|-0.0017156380075079136|-0.002049364037291301|0.0026759374332860847]],
time_start,1628435500.8687665,matrix_w_pre,[[0.00022250618847537702|0.0007503305609188731|-0.00012632438265164413|-0.001967527284203607]|[0.0012991066646824783|0.0022547737107424582|-0.0015257716277952203|-0.0009032384779148347]|[0.0010898004441392034|-0.0014948932035447318|0.0012040471867409072|-0.0006373270120930493]|[0.0017604586027010736|0.00032837852118935447|-0.002164717829783216|-0.0007936673431210814]],process_time,0,matrix_w,[[0.00022250618847537702|0.0007503305609188731|-0.00012632438265164413|-0.001967527284203607]|[0.0012991066646824783|0.0022547737107424582|-0.0015257716277952203|-0.0009032384779148347]|[0.0010898004441392034|-0.0014948932035447318|0.0012040471867409072|-0.0006373270120930493]|[0.0017604586027010736|0.00032837852118935447|-0.002164717829783216|-0.0007936673431210814]],
time_start,1628435508.8277473,matrix_w_pre,[[0.0009189279675367553|0.0032278513867491218|-0.0008929153712372334|-0.003178494409214112]|[-0.00037134419652573515|-0.0009174983496573144|0.0025523888575624937|0.00032329027841293247]|[-0.0019821312536712483|0.0011853685666496638|0.0011746820976472623|-0.0006031355689000464]|[-0.0006583219548098006|-0.00030571968663982646|-0.0008589616927400169|0.0025711364430897345]],process_time,0,matrix_w,[[0.0009189279675367553|0.0032278513867491218|-0.0008929153712372334|-0.003178494409214112]|[-0.00037134419652573515|-0.0009174983496573144|0.0025523888575624937|0.00032329027841293247]|[-0.0019821312536712483|0.0011853685666496638|0.0011746820976472623|-0.0006031355689000464]|[-0.0006583219548098006|-0.00030571968663982646|-0.0008589616927400169|0.0025711364430897345]],
time_start,1628435516.862456,matrix_w_pre,[[0.005127867455048132|0.002178311695773335|-0.004029921257252136|-0.00037118126849731075]|[0.006278445042440957|0.00593968986005813|-0.009809143416199009|0.0009300242166972998]|[-0.006744971233940413|-0.007609729465861451|0.0094802576303106|0.0017476967303515054]|[-0.0069437848382482605|-0.009782751675097371|0.011504412030211244|-7.90664854860427e-05]],process_time,0,matrix_w,[[0.005127867455048132|0.002178311695773335|-0.004029921257252136|-0.00037118126849731075]|[0.006278445042440957|0.00593968986005813|-0.009809143416199009|0.0009300242166972998]|[-0.006744971233940413|-0.007609729465861451|0.0094802576303106|0.0017476967303515054]|[-0.0069437848382482605|-0.009782751675097371|0.011504412030211244|-7.90664854860427e-05]],
time_start,1628435524.6305246,matrix_w_pre,[[0.0005532239428596768|-0.004370265248108764|-0.0006143781568097209|0.005133816910958277]|[0.0025106780341775364|-0.005282382184794757|-0.000858233331054394|0.002963138289608212]|[0.0008485697779675569|0.0009888945428480757|-0.0024722349651415845|0.00032763216128670227]|[-0.003394755321867806|-0.0008013591142369427|0.0012118747744276725|0.001960340636581937]],process_time,0,matrix_w,[[0.0005532239428596768|-0.004370265248108764|-0.0006143781568097209|0.005133816910958277]|[0.0025106780341775364|-0.005282382184794757|-0.000858233331054394|0.002963138289608212]|[0.0008485697779675569|0.0009888945428480757|-0.0024722349651415845|0.00032763216128670227]|[-0.003394755321867806|-0.0008013591142369427|0.0012118747744276725|0.001960340636581937]],
